CreditScore,Geography,Gender,Age,Tenure,Balance,NumOfProducts,HasCrCard,IsActiveMember,EstimatedSalary,target
432,Germany,Female,45,3,110219.14,1,1,0,43046.7,1
763,Germany,Male,31,7,143966.3,2,1,1,140262.96,1
681,France,Male,32,3,148884.47,2,1,1,90967.37,0
627,Germany,Female,35,2,137852.96,1,1,1,172269.21,1
631,Spain,Female,41,0,0.0,1,0,0,87959.83,0
659,Germany,Male,39,8,52106.33,2,1,1,107964.36,0
704,France,Male,50,4,165438.26,1,1,0,120770.75,1
585,France,Male,42,2,0.0,2,1,1,18657.77,0
619,Spain,Female,38,10,119658.49,1,1,1,8646.58,0
712,Spain,Male,52,9,0.0,1,1,1,117977.45,1
701,Germany,Male,36,7,95448.32,2,1,0,189085.07,0
702,Spain,Male,39,8,0.0,2,1,0,99654.13,0
662,Germany,Male,59,2,104568.41,1,1,0,8059.44,1
550,Germany,Female,45,8,111257.59,1,0,0,97623.42,1
611,France,Female,30,9,88594.14,1,1,0,196332.45,0
749,Germany,Male,47,9,110022.74,1,0,1,135655.29,1
720,France,Female,37,2,120328.88,2,1,1,138470.21,0
457,Germany,Male,42,4,126772.57,1,0,1,126106.4,0
404,Germany,Female,54,4,125456.07,1,1,0,83715.66,1
528,France,Female,36,1,156948.41,1,1,1,149912.28,1
474,Germany,Female,34,9,176311.36,1,1,0,160213.27,0
640,France,Male,55,10,132436.34,1,1,0,978.66,0
545,France,Female,32,6,0.0,2,1,1,52067.37,0
533,Germany,Female,22,10,115743.6,1,0,0,43852.05,0
515,Germany,Male,45,7,120961.5,3,1,1,39288.11,1
594,Spain,Female,38,7,96858.35,1,1,0,77511.45,0
628,France,Female,31,6,175443.75,1,1,0,113167.17,1
807,Germany,Female,31,1,93460.47,2,0,0,172782.69,0
634,Germany,Male,27,3,107027.52,1,1,0,173425.68,0
770,Spain,Male,55,9,63127.41,2,1,0,185211.28,1
608,Germany,Male,44,7,114203.47,1,1,1,77830.36,1
678,France,Male,54,7,128914.97,1,0,0,191746.23,1
655,Spain,Male,38,3,250898.09,3,0,1,81054.0,1
676,France,Male,29,4,140720.93,1,1,0,36221.18,0
638,France,Male,36,6,188455.19,1,0,0,47031.4,1
573,France,Female,26,4,129109.02,1,0,0,149814.68,1
578,Germany,Male,34,8,147487.23,2,1,0,66680.77,0
714,France,Female,24,7,0.0,2,1,0,166335.0,0
823,France,Female,44,1,0.0,2,0,1,182495.7,0
674,Germany,Male,47,6,106901.94,1,1,1,2079.2,1
350,France,Male,51,10,0.0,1,1,1,125823.79,1
738,Germany,Female,57,9,148384.64,1,0,0,155047.11,1
618,Germany,Male,42,8,153572.31,2,1,1,76679.6,0
548,Germany,Male,32,5,175214.71,1,1,1,155165.61,0
698,Spain,Female,31,8,185078.26,1,0,0,115337.74,1
648,Spain,Male,35,7,0.0,2,1,1,78436.36,0
586,Germany,Female,56,9,100781.75,2,1,1,54448.41,0
666,Spain,Male,43,5,0.0,2,1,0,29346.1,0
736,Germany,Female,36,8,103914.17,1,1,1,110035.88,1
614,France,Female,34,5,0.0,2,1,0,185561.89,0
714,Spain,Male,25,2,0.0,1,1,1,132979.43,0
673,Spain,Male,43,8,127132.96,1,0,1,6009.27,1
577,France,Male,36,3,121092.47,2,0,1,143783.46,0
581,Germany,Male,50,2,143829.2,2,1,0,181224.24,1
718,Spain,Male,39,6,0.0,2,0,1,63889.1,0
674,France,Female,31,1,0.0,1,1,0,128954.05,0
654,Germany,Male,37,2,145610.07,2,0,0,186300.59,0
682,France,Female,43,5,125851.93,1,1,1,193318.33,0
710,Spain,Male,35,1,106518.52,1,1,1,127951.81,0
555,France,Male,40,10,43028.77,1,1,0,170514.21,0
673,France,Female,38,2,170061.92,2,0,0,134901.34,1
598,France,Male,47,2,0.0,2,1,1,186116.54,0
646,Germany,Male,50,6,145295.31,2,1,1,27814.74,0
631,France,Male,35,8,129205.49,1,1,1,79146.36,0
689,Germany,Female,55,1,76296.81,1,1,0,42364.75,1
663,Spain,Female,58,5,216109.88,1,0,1,74176.71,1
677,France,Female,25,3,0.0,2,1,0,179608.96,0
540,France,Male,22,4,0.0,3,1,1,186233.26,1
559,France,Male,49,2,147069.78,1,1,0,120540.83,1
576,Germany,Male,63,3,148843.56,1,1,0,69414.13,1
746,Spain,Male,30,1,112666.67,1,0,0,11710.4,1
682,Germany,Male,81,6,122029.15,1,1,1,50783.88,0
420,Germany,Female,34,1,135549.9,1,0,0,149471.13,1
656,Spain,Male,69,6,163975.09,1,1,1,36108.5,0
571,France,Female,53,2,0.0,2,1,0,28045.77,0
767,France,Male,48,9,0.0,2,0,1,175458.21,0
583,France,Female,27,1,125406.58,1,1,1,110784.42,0
734,Spain,Female,43,3,55853.33,2,0,1,94811.85,1
568,Spain,Female,43,9,0.0,1,1,0,125870.79,1
559,France,Female,46,5,0.0,1,1,0,21006.1,1
663,France,Male,33,5,157274.36,2,1,1,28531.81,0
607,Germany,Male,38,3,98205.77,1,1,0,176318.27,0
643,Spain,Male,43,1,0.0,2,1,1,145764.4,0
732,France,Male,55,9,136576.02,1,0,1,3268.17,1
571,Germany,Female,66,9,111577.01,1,0,1,189271.9,0
697,Spain,Female,40,7,130334.35,2,0,1,116951.1,0
653,France,Female,60,2,120731.39,4,1,1,138160.11,1
529,France,Male,42,1,157498.9,1,1,1,82276.62,0
576,France,Female,52,9,170228.59,2,0,0,148477.57,1
647,Germany,Male,44,4,93960.35,1,1,0,36579.53,1
492,France,Female,49,8,0.0,1,1,1,182865.09,1
719,France,Male,32,9,146605.27,1,1,1,77119.45,0
630,France,Male,67,5,0.0,2,1,1,27330.27,0
641,France,Female,40,9,0.0,1,0,0,151648.66,1
535,Spain,Female,50,1,140292.58,3,0,0,69531.22,1
763,Germany,Female,32,1,108465.65,2,1,0,60552.44,1
635,France,Female,47,2,125724.95,2,1,0,63236.97,0
590,Spain,Female,37,0,64345.21,1,0,1,61759.33,1
683,Spain,Male,56,7,50911.21,3,0,0,97629.31,1
773,France,Male,33,9,0.0,2,1,1,1118.31,0
804,France,Female,50,4,0.0,1,1,1,8546.87,1
622,Germany,Female,52,9,111973.97,1,1,1,162756.29,1
520,France,Male,49,5,121197.64,1,1,0,72577.33,1
712,France,Male,23,2,0.0,2,0,1,66795.78,0
595,Spain,Female,30,5,100683.54,1,1,1,178361.04,0
437,France,Female,26,1,120923.52,1,0,1,78854.57,0
830,Spain,Male,40,4,0.0,2,0,1,81622.52,0
530,Germany,Male,23,1,137060.88,2,1,1,165227.23,0
682,France,Male,40,4,0.0,1,0,1,105352.55,0
602,Spain,Male,37,3,107592.89,2,0,1,153122.73,0
742,France,Female,60,4,0.0,1,1,1,13161.66,1
605,France,Female,28,6,0.0,2,0,0,159508.52,0
437,France,Female,43,6,0.0,1,1,0,148330.97,1
647,France,Male,41,4,138937.35,1,1,1,101617.64,1
652,France,Female,40,4,79927.36,2,1,1,33524.6,0
663,Spain,Female,53,6,150200.23,1,0,1,151317.27,1
500,Spain,Male,37,9,125822.21,1,1,0,111698.0,0
480,Germany,Male,44,10,129608.57,1,1,0,5472.7,1
644,France,Male,48,8,0.0,2,0,1,44965.54,1
756,France,Female,42,9,0.0,2,1,0,35673.42,0
831,France,Male,30,2,0.0,2,0,1,3430.38,0
531,France,Male,29,3,114590.58,1,0,0,75585.48,0
661,Spain,Male,39,6,132628.98,1,0,0,38812.67,0
520,France,Female,46,10,85216.61,1,1,0,117369.52,1
625,Spain,Male,32,7,106957.28,1,1,1,134794.02,0
605,Germany,Female,56,1,74129.18,2,1,1,62199.78,1
850,Germany,Male,37,9,122506.38,1,0,1,199693.84,1
625,Germany,Female,49,4,128504.76,1,1,0,126812.63,1
539,France,Female,47,2,127286.04,2,1,1,166929.43,1
443,France,Female,35,9,108308.0,1,1,0,129031.19,1
771,Spain,Male,51,5,135506.58,3,1,1,152479.64,1
732,Germany,Female,42,2,118889.66,2,0,0,87422.15,0
628,Germany,Male,50,4,122227.71,1,0,1,14217.77,1
705,France,Female,37,10,0.0,2,1,1,13935.53,1
621,Germany,Male,51,4,109978.83,1,0,0,177740.58,1
567,Spain,Male,44,9,0.0,2,1,0,87677.15,0
667,France,Male,40,8,72945.29,2,1,0,98931.5,0
772,Spain,Male,30,4,78653.05,1,1,0,1790.48,0
633,France,Female,47,0,0.0,1,1,1,6342.84,1
803,Germany,Male,34,4,142929.16,2,1,1,114869.56,0
603,France,Male,51,8,186825.57,1,1,0,93739.71,1
752,France,Female,41,8,0.0,2,1,0,139844.04,1
620,Germany,Female,25,8,141825.88,1,1,1,73857.94,1
733,France,Male,64,3,0.0,2,1,1,75272.63,0
601,France,Female,37,5,0.0,1,0,0,20708.6,0
588,France,Male,31,4,99607.37,2,0,1,35877.03,0
521,Spain,Female,34,7,70731.07,1,1,1,20243.97,1
656,Germany,Female,49,9,97092.87,1,1,0,74771.22,1
611,Spain,Male,34,4,0.0,2,1,0,170950.58,0
414,France,Male,38,8,0.0,1,0,1,77661.12,1
615,Spain,Male,59,4,155766.05,1,1,1,110275.17,0
519,Germany,Female,21,1,151701.45,3,1,1,170138.68,1
665,Germany,Female,27,2,147435.96,1,0,0,187508.06,0
720,Germany,Female,29,7,106230.92,1,1,1,69903.93,1
649,France,Female,35,4,108306.44,1,1,1,192486.24,0
762,Spain,Female,60,10,168920.75,1,1,0,31445.03,1
629,France,Female,31,6,0.0,1,1,1,16447.6,1
720,Spain,Female,59,6,0.0,2,1,1,160849.43,1
704,Germany,Male,41,9,62078.21,2,1,0,129050.67,0
769,Germany,Female,45,5,126674.81,1,1,0,124118.71,1
446,France,Female,39,1,90217.07,1,1,0,191350.48,0
688,Spain,Male,36,0,89772.3,1,1,0,177383.68,1
512,France,Female,41,8,145150.28,1,1,0,64869.32,1
718,Germany,Female,39,7,93148.74,2,1,1,190746.38,0
482,France,Female,35,5,147813.05,2,0,0,109029.72,0
386,Spain,Female,53,1,131955.07,1,1,1,62514.65,1
786,France,Male,32,2,120452.4,2,0,0,79602.86,0
612,Germany,Male,44,2,115163.38,1,1,1,97677.52,1
579,Spain,Male,22,3,118680.57,1,1,1,49829.8,0
566,Germany,Female,40,2,97001.36,2,1,0,154486.01,0
794,Germany,Female,55,6,115796.7,1,1,0,160526.36,1
826,Spain,Female,56,8,174506.1,2,0,1,161802.82,1
697,Spain,Male,62,7,0.0,1,1,0,129188.18,1
586,France,Female,60,3,47020.65,2,0,1,63241.21,1
787,France,Female,40,6,0.0,2,1,1,84151.98,0
670,France,Female,40,3,47364.45,1,1,1,148579.43,1
679,France,Male,34,7,160515.37,1,1,0,121904.14,0
818,France,Male,36,4,0.0,2,1,1,8037.03,0
590,Spain,Female,29,2,166930.76,2,1,0,122487.73,0
582,Spain,Male,33,6,0.0,2,0,1,72970.93,0
691,Germany,Female,37,7,123067.63,1,1,1,98162.44,1
490,France,Male,39,1,0.0,3,1,0,171060.01,1
681,France,Male,23,7,157761.56,1,0,0,147759.84,0
711,France,Female,81,6,0.0,2,1,1,72276.24,0
697,France,Female,42,1,0.0,1,1,0,1262.83,1
736,Germany,Male,50,9,116309.01,1,1,0,185360.4,1
545,France,Male,23,2,0.0,2,1,0,189613.12,0
684,France,Female,48,3,73309.38,1,0,0,21228.34,1
715,Germany,Female,34,9,102277.52,1,0,0,177852.57,1
613,Germany,Male,38,9,67111.65,1,1,0,78566.64,1
558,Spain,Female,31,7,0.0,2,1,0,166720.28,0
668,Spain,Male,32,1,134446.04,1,0,1,111241.37,0
731,Spain,Male,42,9,101043.63,1,1,1,192175.52,0
709,France,Female,36,8,0.0,2,1,1,69676.55,0
651,France,Male,36,7,0.0,2,1,0,13898.31,0
627,France,Female,41,6,0.0,3,1,1,138700.75,1
538,Spain,Female,49,9,141434.04,1,0,0,173779.25,1
430,France,Female,60,7,73937.02,1,1,0,161937.62,1
735,Spain,Male,34,5,0.0,2,0,0,71095.41,0
705,France,Female,35,5,0.0,1,1,0,133991.11,1
661,France,Male,33,9,0.0,2,1,1,84174.81,0
581,Germany,Female,26,3,105099.45,1,1,1,184520.0,1
523,Spain,Female,24,5,172231.93,1,0,1,155144.12,0
609,France,Female,35,2,147900.43,1,1,0,140000.29,0
627,Germany,Male,30,6,112372.96,1,1,1,118029.09,0
431,France,Male,63,6,160982.89,1,1,1,168008.17,0
850,Spain,Female,29,7,0.0,2,1,0,23237.25,0
511,Spain,Female,66,4,0.0,1,1,0,1643.11,1
504,Germany,Male,32,8,170291.22,2,0,1,15658.99,0
669,France,Female,44,8,96418.09,1,0,0,131609.48,1
637,Germany,Male,50,4,126345.55,1,0,1,17323.0,1
698,France,Female,51,6,144237.91,4,1,0,157143.61,1
588,Germany,Male,41,2,131341.46,2,0,1,7034.94,0
586,France,Female,52,6,140900.97,1,1,1,67288.89,0
630,Spain,Female,21,1,85818.18,1,1,1,133102.3,0
625,Germany,Female,39,10,129845.26,1,1,1,96444.88,0
660,Germany,Female,39,5,135134.99,1,1,0,173683.0,1
721,Spain,Female,32,10,0.0,1,1,0,136119.96,1
691,France,Male,34,8,133936.04,2,1,0,91359.79,0
682,France,Female,58,1,0.0,1,1,1,706.5,0
667,France,Male,43,8,190227.46,1,1,0,97508.04,1
604,Spain,Male,43,2,145081.72,1,1,1,23881.62,0
520,Germany,Female,31,3,108914.17,1,1,1,183572.39,1
837,France,Female,38,2,0.0,2,1,1,46395.21,0
631,France,Male,33,7,0.0,1,1,1,58043.02,1
773,Spain,Male,51,4,0.0,2,0,0,123587.83,1
590,France,Male,43,8,0.0,2,1,1,143628.31,0
593,Germany,Female,41,4,119703.1,2,1,1,109783.29,0
756,Germany,Female,39,3,100717.85,3,1,1,73406.04,1
483,Germany,Male,41,1,118334.44,1,0,0,163147.99,1
695,Spain,Male,63,1,146202.93,1,1,1,126688.83,1
537,France,Male,59,9,0.0,2,0,0,103799.77,1
673,Spain,Male,40,1,121629.22,1,1,1,3258.6,0
726,France,Male,34,3,0.0,2,1,0,196288.46,0
542,France,Female,59,2,68892.77,2,1,0,7905.06,1
683,Germany,Female,49,7,108797.63,2,0,0,140763.18,0
750,Spain,Female,33,3,161801.47,1,0,1,153288.97,1
648,Spain,Male,49,5,0.0,1,1,0,149946.43,1
693,France,Male,40,4,130661.96,1,1,1,101918.96,0
731,Spain,Female,33,5,137388.01,2,1,0,165000.68,0
699,France,Female,43,3,80764.03,1,1,0,199378.58,1
669,France,Male,50,9,201009.64,1,1,0,158032.5,1
763,Germany,Male,42,6,100160.75,1,1,0,33462.94,1
590,France,Male,41,1,89086.31,1,1,0,24499.97,0
698,France,Male,36,6,0.0,2,0,1,19231.98,0
556,Germany,Male,42,0,115915.53,2,0,1,125435.47,1
588,France,Male,40,5,0.0,2,0,0,100727.68,0
674,France,Male,45,7,144889.18,1,1,1,102591.9,1
702,Germany,Female,36,2,105264.88,2,1,1,52909.87,0
753,France,Female,36,7,128518.98,1,1,1,44567.83,1
629,Spain,Male,36,1,161757.87,2,1,1,146371.72,0
489,Germany,Female,46,8,92060.06,1,1,0,147222.95,1
749,Germany,Female,32,7,79523.13,1,0,1,157648.12,0
613,Germany,Female,20,0,117356.19,1,0,0,113557.7,1
614,France,Female,19,5,97445.49,2,1,0,122823.34,0
586,Germany,Male,42,6,126704.49,2,1,0,41682.3,0
648,Germany,Female,40,5,139973.65,1,1,1,667.66,1
659,Germany,Male,36,2,76190.48,2,1,1,149066.14,0
594,France,Female,53,4,0.0,1,1,0,5408.74,1
708,Germany,Female,54,8,145151.4,1,0,1,125311.17,1
720,Germany,Male,60,9,115920.62,2,0,0,157552.08,1
692,Germany,Female,43,10,118588.83,1,1,1,161241.65,1
707,France,Male,58,6,89685.92,1,0,1,126471.13,0
684,Spain,Male,39,4,207034.96,2,0,0,157694.76,1
686,Germany,Female,27,1,115095.88,2,0,0,78622.46,0
611,France,Male,58,8,0.0,2,0,1,107665.68,1
693,France,Male,37,1,0.0,2,1,1,82867.55,0
727,Spain,Female,41,10,0.0,2,0,1,47468.56,0
438,Spain,Female,54,2,0.0,1,0,0,191763.07,1
584,Germany,Female,54,1,77354.37,1,0,0,138192.98,1
657,Germany,Male,40,7,99165.84,1,0,1,119333.95,1
617,France,Female,28,0,0.0,2,1,1,7597.83,1
835,Germany,Female,47,5,108289.28,2,1,1,45859.55,1
574,Spain,Male,36,3,0.0,2,1,1,8559.66,0
497,Germany,Female,55,7,131778.66,1,1,1,9972.64,0
643,France,Male,36,0,148159.71,1,0,0,55835.66,0
641,Germany,Male,35,2,103711.56,1,0,1,192464.21,1
494,France,Male,25,6,0.0,2,0,1,109988.09,0
616,France,Male,31,1,0.0,2,1,1,54706.75,0
672,France,Female,53,9,169406.33,4,1,1,147311.47,1
579,Spain,Male,56,4,99340.83,1,0,0,4523.74,1
527,Germany,Female,39,9,96748.89,2,1,0,94711.43,0
616,France,Female,66,1,135842.41,1,1,0,183840.51,1
586,France,Female,28,5,0.0,3,1,0,170487.4,1
645,Germany,Female,41,2,138881.04,1,1,0,129936.53,1
532,Spain,Female,37,5,0.0,2,0,1,6761.84,0
780,Germany,Male,51,4,126725.25,1,1,0,195259.31,1
744,France,Female,43,10,147832.15,1,0,1,24234.11,0
748,France,Male,60,0,152335.7,1,1,0,126743.33,1
452,France,Male,35,4,148172.44,1,1,1,4175.68,0
741,Spain,Male,43,0,0.0,2,1,1,2920.63,1
680,France,Male,23,5,140007.19,1,0,1,31714.08,0
590,Spain,Female,38,9,0.0,2,1,1,148750.16,0
700,France,Male,37,3,77608.46,2,1,1,175373.46,0
734,France,Male,45,2,0.0,2,1,0,99593.28,0
817,France,Female,55,10,117561.49,1,1,0,95941.55,1
653,France,Female,40,0,0.0,2,1,0,35795.85,0
614,Germany,Male,43,8,140733.74,1,1,1,166588.76,0
666,France,Male,51,2,148222.65,1,0,0,156953.54,1
758,France,Female,52,7,125095.94,1,1,0,171189.83,1
850,Germany,Male,43,0,108508.82,3,1,0,184044.8,1
758,Germany,Male,33,0,129142.54,2,1,1,26606.28,0
604,France,Male,28,7,0.0,2,0,0,58595.64,0
828,Spain,Male,47,1,109876.82,2,1,0,83611.45,1
651,France,Male,44,2,0.0,3,1,0,102530.35,1
602,Spain,Male,33,5,0.0,2,0,1,64038.34,0
682,France,Female,35,2,181166.44,1,1,1,63737.19,1
653,France,Female,32,4,83772.95,1,0,1,23920.65,0
682,France,Female,48,7,0.0,2,1,0,65069.03,0
639,Spain,Male,34,7,149940.04,2,0,0,156648.81,0
759,France,Female,46,2,0.0,1,1,1,138380.11,0
791,France,Female,52,7,0.0,1,1,1,122782.5,0
850,France,Female,46,2,157866.77,1,1,1,18986.12,0
594,France,Male,37,2,0.0,2,0,1,95864.5,0
695,Spain,Male,56,1,0.0,3,1,0,187734.49,1
501,France,Male,35,6,99760.84,1,1,1,13591.52,0
810,France,Female,38,9,153166.17,1,1,1,93261.69,0
846,France,Female,37,6,127103.97,1,1,1,41516.44,0
649,France,Female,41,3,130931.83,1,1,1,144808.37,0
666,France,Male,47,2,0.0,1,1,0,35046.97,1
803,France,Male,28,3,0.0,2,1,0,159654.0,0
495,Spain,Female,45,3,89158.94,3,1,0,135169.76,1
659,France,Female,50,3,0.0,1,1,0,183399.12,1
579,France,Male,39,5,0.0,2,0,1,39891.84,0
771,France,Male,32,5,62321.62,1,1,1,40920.59,0
759,France,Male,44,2,111095.58,2,1,0,100137.7,0
707,Spain,Male,48,8,88441.64,1,1,1,119903.2,1
747,France,Male,43,1,130788.71,1,0,1,101495.0,1
670,France,Male,25,7,0.0,2,1,1,144723.38,0
717,Spain,Male,36,2,102989.83,2,0,1,49185.57,0
547,Germany,Female,42,1,142703.4,1,1,0,86207.49,1
505,Spain,Female,45,9,131355.3,3,1,0,195395.33,1
754,Germany,Female,55,3,161608.81,1,1,0,8080.85,1
493,Germany,Female,35,8,178317.6,1,0,0,197428.64,0
459,France,Male,26,4,149879.66,1,0,0,50016.17,0
731,Spain,Female,39,2,126816.18,1,1,1,74850.93,0
519,Spain,Female,57,2,119035.35,2,1,1,29871.79,0
762,Germany,Male,35,1,117458.51,1,0,1,178361.48,1
623,France,Female,37,4,140211.88,1,1,1,93832.33,0
680,France,Female,24,10,0.0,3,1,0,154971.63,1
615,Germany,Male,58,3,72309.3,1,1,1,85687.09,1
537,Germany,Female,47,6,103163.35,1,1,0,16259.64,1
723,Spain,Male,38,6,0.0,2,1,1,94415.6,0
616,France,Male,40,9,0.0,2,0,0,93717.55,0
547,France,Male,62,10,127738.75,2,1,1,85153.0,0
754,Germany,Female,48,7,141819.02,1,1,0,93550.53,1
585,France,Female,34,1,0.0,1,1,1,75503.6,0
619,France,Female,38,3,0.0,2,0,1,116467.35,0
850,Spain,Male,36,6,0.0,2,0,1,41291.05,0
740,Spain,Male,43,9,0.0,1,1,0,199290.68,1
554,Germany,Female,51,7,105701.91,1,0,1,179797.79,1
614,Spain,Female,39,6,0.0,2,1,1,164018.98,0
543,Germany,Male,49,6,59532.18,1,1,0,104253.56,0
546,Spain,Male,42,7,139070.51,1,1,1,86945.0,0
540,Spain,Female,40,8,0.0,2,1,0,3560.0,0
710,Spain,Female,30,10,0.0,2,1,0,19500.1,0
515,Germany,Male,60,9,113715.36,1,1,0,18424.24,1
521,France,Male,27,4,121325.84,1,1,1,164223.7,1
529,France,Male,67,8,103101.56,2,1,1,154002.02,1
638,Spain,Male,48,2,0.0,2,1,1,7919.08,0
679,France,Male,30,9,0.0,2,1,0,157871.55,0
680,Germany,Male,34,6,146422.22,1,1,0,67142.97,1
537,Germany,Male,48,4,131834.8,1,1,0,166476.95,1
729,Germany,Male,39,6,127415.85,1,1,1,184977.2,1
350,France,Female,40,0,111098.85,1,1,1,172321.21,1
558,France,Male,32,5,73494.21,1,0,0,136301.1,0
675,Spain,Male,36,3,54098.18,2,0,1,54478.52,0
658,France,Male,36,8,174060.46,1,1,1,94925.62,0
537,France,Female,38,10,0.0,1,0,0,52337.97,1
551,Germany,Male,50,1,121399.98,1,0,1,84508.44,1
850,Germany,Male,28,4,147972.19,1,1,0,60708.72,1
745,Spain,Female,31,3,124328.84,1,1,1,140451.52,0
665,Germany,Male,25,5,153611.83,2,1,0,35321.65,0
554,France,Female,43,10,0.0,2,1,0,149629.13,1
599,Spain,Female,39,4,0.0,1,1,0,194273.2,1
540,France,Male,48,2,109349.29,1,1,0,88703.04,1
648,Spain,Female,31,5,0.0,2,1,1,5199.02,0
551,France,Male,43,7,0.0,2,1,0,178393.68,0
646,France,Female,42,3,175159.9,2,0,0,67124.48,1
652,Spain,Female,40,7,100471.34,1,1,1,124550.88,0
735,Germany,Male,43,10,123180.01,2,1,1,196673.28,0
601,France,Male,44,1,100486.18,2,1,1,62678.53,0
565,France,Female,44,1,0.0,2,0,1,89602.81,0
563,France,Female,35,2,183572.84,1,1,1,66006.75,1
650,Germany,Female,28,5,122034.4,3,0,1,146663.43,1
577,Spain,Female,40,1,0.0,2,1,1,108787.0,0
834,Spain,Male,40,7,0.0,2,0,0,45038.74,0
520,Germany,Female,45,1,123086.39,1,1,1,41042.4,1
466,France,Male,26,3,156815.71,1,1,1,137476.09,0
599,France,Male,50,3,121159.65,1,0,0,4033.39,1
669,Germany,Male,45,1,123949.75,1,0,0,110881.56,0
476,Spain,Female,69,1,105303.73,1,0,1,134260.34,0
434,Germany,Male,55,8,109339.17,2,1,0,96405.88,1
739,France,Male,58,2,101579.28,1,1,1,72168.53,0
660,Germany,Male,28,2,170890.05,2,1,0,41758.9,0
434,Spain,Male,55,6,0.0,1,0,1,73562.05,1
725,Spain,Female,36,4,118520.26,1,0,0,131173.9,1
555,France,Female,44,3,105770.7,3,1,0,60533.96,1
613,France,Male,36,9,131307.11,1,0,0,83343.73,0
710,Germany,Female,24,2,110407.44,2,0,0,15832.43,1
589,France,Male,46,9,0.0,2,1,0,170676.67,0
613,Germany,Female,43,10,120481.69,1,0,0,94875.03,1
728,France,Female,59,4,0.0,1,1,1,163365.85,1
528,France,Male,34,1,125566.9,1,1,1,176763.27,0
805,Germany,Male,50,9,130023.38,1,1,0,62989.82,1
749,Germany,Male,54,3,144768.94,1,1,0,93336.3,1
706,Spain,Male,38,8,0.0,2,0,1,46635.11,0
619,Spain,Female,44,6,52831.13,1,1,1,112649.22,1
659,France,Male,31,4,118342.26,1,0,0,161574.19,0
626,Germany,Female,23,6,85897.95,1,1,0,109742.8,0
760,Germany,Male,29,5,103607.24,2,0,1,86334.64,0
548,France,Male,57,6,76165.65,1,1,1,133537.53,0
634,France,Female,45,2,0.0,4,1,0,101039.53,1
536,France,Female,35,8,0.0,1,1,0,171840.24,1
657,Germany,Female,38,5,123770.46,1,0,0,47019.66,1
543,France,Male,36,4,0.0,2,1,1,141210.5,0
538,France,Female,62,3,75051.49,1,0,0,17682.02,1
834,Spain,Male,34,5,0.0,2,0,0,53437.1,0
579,France,Female,39,3,166501.17,2,1,0,93835.64,0
443,Germany,Male,59,4,110939.3,1,1,0,72846.58,1
632,Spain,Male,38,1,120599.21,1,1,0,92816.86,0
735,France,Female,38,1,0.0,3,0,0,92220.12,1
607,Spain,Female,62,8,108004.64,1,1,1,23386.77,1
524,France,Male,52,2,87894.26,1,1,0,173899.42,1
701,Germany,Male,63,3,120916.52,3,0,0,144727.45,1
726,France,Male,29,7,0.0,2,1,1,91844.14,1
508,France,Male,35,1,86893.28,1,0,0,59374.82,0
518,Spain,Male,50,4,0.0,1,0,0,107112.25,1
684,France,Male,46,0,0.0,2,1,1,36376.97,0
815,France,Male,35,4,0.0,2,0,1,198490.33,0
592,Germany,Male,31,7,124593.23,1,1,0,86079.67,0
529,France,Male,46,8,0.0,1,0,0,126511.94,1
693,Spain,Female,45,4,0.0,2,1,1,26589.56,0
742,Germany,Female,36,2,129748.54,2,0,0,47271.61,1
811,Germany,Male,52,10,76915.4,1,0,0,146359.81,1
620,Spain,Male,38,0,0.0,2,1,1,38015.34,0
626,Germany,Male,39,10,132287.92,3,1,1,51467.92,1
567,Germany,Female,40,2,105222.86,2,1,0,93795.86,0
584,France,Female,66,5,0.0,1,1,0,49553.38,1
612,Germany,Male,30,9,142910.15,1,1,0,105890.55,1
591,France,Female,56,9,128882.49,1,1,1,196241.94,1
703,France,Female,45,7,0.0,2,1,1,68831.72,0
689,Spain,Male,38,5,75075.14,1,1,1,8651.92,1
721,France,Male,41,7,0.0,2,0,1,61018.85,0
482,Germany,Female,48,2,69329.47,1,0,0,102640.52,1
572,Germany,Female,48,3,152827.99,1,1,0,38411.79,1
678,Germany,Male,36,3,145747.67,2,0,1,89566.74,0
633,Germany,Female,29,8,104944.1,1,1,1,97684.46,0
595,Spain,Female,23,10,101126.66,2,0,0,37042.8,0
508,France,Male,49,1,93817.41,2,1,1,132468.76,1
795,France,Male,32,2,117265.21,1,1,1,198317.23,0
728,Spain,Female,43,8,128412.61,1,0,1,139024.31,0
576,France,Male,41,1,0.0,1,1,1,188274.6,0
562,France,Male,37,2,0.0,1,0,1,52525.15,1
565,Germany,Female,38,7,145400.69,2,1,1,83844.79,0
664,France,Male,54,8,0.0,1,1,1,162719.69,1
667,Spain,Female,23,6,136100.69,2,0,0,169669.33,1
485,France,Male,41,2,100254.76,2,1,1,12706.67,0
690,Spain,Male,32,2,76087.98,1,0,1,151822.66,0
617,Spain,Female,36,7,115617.24,1,1,1,71519.4,0
588,Germany,Female,30,0,110148.49,1,1,0,5790.9,1
470,Germany,Male,39,5,117469.91,2,0,0,63705.9,0
693,Germany,Male,44,5,124601.58,2,1,1,46998.13,1
562,France,Male,29,9,0.0,1,1,1,25858.68,0
518,Germany,Male,46,4,113625.93,1,0,0,92727.42,1
670,France,Female,45,9,104930.38,1,1,0,155921.81,1
510,France,Female,26,6,136214.08,1,0,0,159742.33,0
779,Spain,Female,55,0,133295.98,1,1,0,22832.71,1
628,France,Female,46,1,46870.43,4,1,0,31272.14,1
710,France,Female,37,5,0.0,2,1,0,115403.31,0
588,Germany,Male,49,6,132623.76,3,1,0,36292.94,1
668,Germany,Female,59,5,120170.07,1,0,1,50454.8,0
841,France,Male,31,2,0.0,2,1,0,173240.52,0
577,Spain,Female,33,6,0.0,2,1,0,57975.8,0
625,France,Female,52,2,79468.96,1,1,1,84606.03,0
750,Spain,Female,34,9,112822.26,1,0,0,150401.53,1
588,Germany,Female,40,10,125534.51,1,1,0,121504.18,1
652,France,Female,31,3,103696.97,3,0,0,155221.05,1
643,Spain,Male,35,2,0.0,2,0,0,67979.35,0
584,Spain,Female,50,1,0.0,1,0,1,152567.75,1
564,Spain,Female,35,9,0.0,2,1,1,105837.38,0
457,France,Female,33,7,127837.54,1,0,1,60013.17,0
842,Germany,Female,35,9,119948.09,1,1,0,48217.97,1
580,Spain,Female,57,0,136820.99,1,0,1,108528.74,0
834,Germany,Female,57,8,112281.6,3,1,0,140225.14,1
615,France,Male,30,8,0.0,2,0,0,3183.15,0
688,Spain,Female,33,2,0.0,1,0,0,27557.18,1
637,Germany,Male,51,1,104682.83,1,1,0,55266.96,1
577,Spain,Male,43,8,79757.21,1,1,0,135650.72,1
671,France,Female,34,5,164757.56,1,1,0,110748.88,0
544,Spain,Female,53,9,0.0,1,1,0,125692.07,1
757,Spain,Female,55,9,117294.12,4,1,0,94187.47,1
685,Spain,Male,43,4,97392.18,2,1,0,43956.83,0
564,France,Male,35,4,0.0,1,1,0,158937.55,0
638,Germany,Male,27,4,135096.05,1,1,1,186523.72,1
773,France,Male,25,1,124532.78,2,0,1,11723.57,0
614,France,Male,51,3,0.0,2,1,1,5552.37,0
527,Germany,Female,28,2,123802.98,2,1,1,155846.69,0
718,France,Male,35,3,97560.16,1,1,1,53511.74,0
634,France,Female,41,7,0.0,2,1,1,131284.93,0
747,France,Male,27,10,0.0,2,0,0,13007.89,0
614,Spain,Male,66,2,0.0,2,0,1,180082.7,0
586,France,Female,43,8,132558.26,1,1,0,67046.83,1
401,Germany,Male,48,8,128140.17,1,1,0,175753.55,1
675,Spain,Male,66,5,115654.47,2,1,1,131970.86,0
692,France,Female,36,3,79551.12,1,0,1,178267.07,0
712,France,Female,32,1,0.0,2,1,0,1703.58,0
720,France,Female,43,6,137824.03,2,1,0,172557.77,0
663,France,Male,46,3,0.0,2,0,1,176276.1,0
640,Spain,Female,32,6,118879.35,2,1,1,19131.71,0
686,France,Female,41,10,0.0,1,1,1,144272.71,1
607,France,Male,31,8,0.0,2,1,1,43196.5,0
634,Spain,Male,63,10,0.0,2,1,0,30772.86,1
496,Germany,Female,55,4,125292.53,1,1,1,31532.96,1
850,France,Female,39,7,79259.99,1,0,1,186910.74,0
650,Spain,Female,25,3,86605.5,3,1,0,16649.31,1
578,France,Male,34,4,175111.11,1,1,1,74858.3,0
625,Germany,Male,56,0,148507.24,1,1,0,46824.08,1
597,France,Male,41,4,153198.23,1,1,1,92090.36,0
680,France,Female,37,10,123806.28,1,1,0,81776.84,1
789,Germany,Male,51,3,104677.09,1,1,0,74265.38,0
818,France,Female,49,2,0.0,1,0,1,192298.84,1
656,France,Male,43,7,134919.85,1,1,0,194691.95,0
658,France,Male,31,5,100082.14,1,0,1,49809.88,0
691,Germany,Male,27,3,160358.68,2,1,0,142367.72,0
716,France,Female,29,10,87946.39,1,1,1,182531.74,0
622,France,Female,32,6,169089.38,2,1,0,101057.95,0
557,Germany,Male,57,1,120043.13,1,1,0,132370.75,1
605,France,Female,51,9,104760.82,1,1,1,165574.54,1
694,Germany,Female,37,8,98218.04,2,1,0,182354.46,1
699,Spain,Female,29,9,127570.93,2,1,0,164756.81,0
695,Spain,Male,35,7,0.0,2,1,0,160387.98,0
547,Germany,Male,41,3,151191.31,1,1,0,175295.89,1
785,France,Female,38,1,0.0,1,1,0,134964.85,1
622,France,Male,59,5,119380.37,1,1,1,60429.43,0
616,Germany,Male,45,3,143129.41,2,0,1,64327.26,0
714,France,Male,34,10,0.0,2,1,1,80234.14,0
678,France,Female,41,1,143443.61,1,1,0,196622.28,1
656,Spain,Male,28,8,120047.77,1,1,1,137173.39,0
750,France,Female,47,7,121376.15,2,1,0,54473.6,1
467,Spain,Male,39,5,0.0,2,1,1,7415.96,0
587,Germany,Male,35,5,121863.61,1,1,1,23481.69,1
634,France,Male,34,8,105302.66,1,1,1,123164.97,0
750,France,Male,38,5,151532.4,1,1,1,46555.15,0
641,Germany,Female,51,2,117306.69,4,1,1,26912.72,1
619,Spain,Female,32,4,175406.13,2,1,1,172792.43,1
693,France,Male,31,2,0.0,2,1,1,107759.31,0
668,France,Male,42,8,187534.79,1,1,1,32900.41,1
700,France,Female,82,2,0.0,2,0,1,182055.36,0
480,France,Female,28,6,0.0,2,0,0,48131.92,0
478,France,Female,38,4,171913.87,1,1,0,51820.87,1
558,France,Female,41,6,0.0,1,1,1,143585.29,1
827,Spain,Female,35,0,0.0,2,0,1,184514.01,0
520,Germany,Male,43,3,150805.17,3,0,1,25333.03,1
670,Germany,Male,43,9,111677.88,1,1,0,178827.3,1
833,France,Male,47,2,0.0,2,1,1,182247.77,0
694,France,Male,34,5,127900.03,1,1,0,101737.8,0
592,France,Male,37,4,212692.97,1,0,0,176395.02,0
689,Spain,Female,45,0,57784.22,1,1,0,197804.0,1
654,France,Male,40,6,0.0,1,0,0,183872.88,1
667,Germany,Female,33,4,127076.68,2,1,0,69011.66,0
795,Germany,Female,33,9,104552.72,1,1,1,120853.83,1
596,Germany,Male,34,4,99441.21,2,0,1,4802.27,0
650,Germany,Female,45,9,152367.21,3,1,0,150835.21,1
801,Spain,Male,58,1,79954.61,2,1,1,30484.19,0
809,Germany,Male,33,8,148055.74,1,0,0,199203.21,0
568,Spain,Male,39,5,0.0,2,1,1,129569.92,0
631,Germany,Female,34,6,125227.82,2,0,1,128247.03,0
655,France,Male,37,6,109093.41,2,1,0,1775.52,0
782,Spain,Male,52,4,0.0,1,1,1,52759.82,1
727,Germany,Male,21,8,153344.72,1,1,1,163295.87,0
850,France,Female,40,0,0.0,2,1,0,1099.95,0
736,France,Female,42,7,117280.23,3,0,0,41921.06,1
774,France,Male,76,4,112510.89,1,1,1,143133.18,0
592,Germany,Male,36,10,123187.51,1,0,1,146111.35,0
603,France,Male,45,9,0.0,1,0,0,148516.79,0
532,Germany,Male,52,9,137755.76,1,1,0,163191.99,1
608,Spain,Male,45,4,0.0,2,0,0,36697.48,1
758,Germany,Female,61,8,125397.21,1,1,0,182184.09,1
672,Spain,Female,56,2,209767.31,2,1,1,150694.42,1
710,France,Male,47,5,158623.14,1,0,0,83499.89,1
839,France,Female,51,3,0.0,1,1,1,69101.23,1
830,Germany,Female,40,8,77701.64,1,0,1,19512.38,0
656,France,Male,39,10,0.0,2,1,1,98894.64,0
503,Spain,Male,31,4,0.0,2,1,1,21645.06,0
664,Spain,Male,44,7,77526.66,3,0,0,57338.56,1
644,Germany,Female,32,8,141528.88,1,1,1,167087.34,1
844,France,Female,41,10,76319.64,1,1,1,141175.18,1
753,Germany,Female,46,9,113909.69,3,1,0,92320.37,1
484,Germany,Female,55,8,149349.58,3,0,0,137519.92,1
518,France,Male,46,3,0.0,2,1,0,76515.79,0
646,Germany,Male,32,8,105397.8,1,1,0,78111.84,1
595,Germany,Female,45,9,106000.12,1,0,0,191448.96,1
627,Germany,Male,29,5,139541.58,2,1,0,80607.33,0
732,France,Female,36,9,0.0,1,0,0,3749.0,1
698,Spain,Male,45,5,164450.94,1,1,0,141970.02,1
660,France,Female,40,8,167181.01,1,1,1,185156.94,0
687,Germany,Female,27,9,152328.88,2,0,0,126494.82,0
765,Germany,Male,43,4,148962.76,1,0,1,173878.87,1
794,Spain,Female,30,1,154970.54,1,0,1,156768.45,0
810,France,Male,32,9,120879.73,2,0,1,78896.59,0
684,Germany,Female,26,2,114035.39,1,0,0,96885.19,0
822,France,Male,37,3,105563.0,1,1,0,182624.93,0
850,Spain,Male,31,6,82613.56,2,1,0,149170.92,0
350,Spain,Male,54,1,152677.48,1,1,1,191973.49,1
758,France,Female,34,3,0.0,2,1,1,124226.16,0
817,France,Female,37,6,81070.34,2,1,0,80985.88,0
739,France,Male,40,4,0.0,2,0,0,173321.65,0
510,France,Female,52,6,191665.21,1,1,1,131312.56,1
551,France,Female,45,6,0.0,2,1,1,51143.43,0
721,Germany,Female,45,7,138523.2,1,0,0,59604.45,1
676,France,Female,34,8,82909.14,1,1,0,91817.38,1
548,France,Female,28,8,116755.5,2,1,1,158585.17,1
483,France,Female,30,9,0.0,2,0,0,136356.97,0
558,France,Female,47,9,0.0,2,1,0,103787.28,0
659,Germany,Female,39,1,104502.11,1,1,0,20652.69,0
605,France,Male,52,1,63349.75,1,1,0,108887.44,0
658,Spain,Female,31,2,36566.96,1,1,0,103644.98,1
589,Germany,Male,55,7,119961.48,1,1,0,65156.83,1
699,France,Male,34,2,117468.67,1,1,0,185227.42,0
701,France,Male,23,3,0.0,2,1,0,38960.59,0
729,Germany,Male,46,5,117837.43,1,1,0,104016.61,1
605,Spain,Female,57,2,0.0,3,1,0,66652.75,1
601,Germany,Male,43,3,141859.12,2,1,1,111249.62,0
665,Germany,Female,45,5,155447.65,2,1,0,51871.95,1
824,Spain,Female,38,3,0.0,2,1,0,192800.25,0
714,Germany,Male,54,4,137986.58,2,0,1,51308.54,1
706,Germany,Female,48,10,104478.12,3,0,1,158248.71,1
719,France,Male,69,3,0.0,2,1,1,58320.06,0
626,France,Female,44,10,81553.93,1,1,0,20063.63,1
725,Germany,Female,33,7,115182.84,2,1,1,177279.41,0
677,Germany,Female,44,4,148770.61,2,1,1,191057.76,0
620,Germany,Male,39,9,159492.79,1,1,0,80582.34,1
672,France,Female,45,9,0.0,1,1,1,92027.69,1
591,Spain,Female,39,3,0.0,3,1,0,140469.38,1
668,Germany,Male,39,4,79896.0,1,1,0,38466.39,0
459,Spain,Female,42,6,129634.25,2,1,1,177683.02,1
590,France,Female,60,6,147751.75,1,1,0,88206.04,1
618,Spain,Male,41,4,115251.64,1,0,0,136435.75,0
628,France,Male,25,7,0.0,2,1,1,195977.75,0
850,France,Female,34,9,92899.27,2,1,0,97465.89,0
624,France,Female,71,4,170252.05,3,1,1,73679.59,1
556,France,Female,52,9,0.0,1,1,0,175149.2,1
619,Germany,Male,29,4,98955.87,1,0,1,131712.51,0
597,France,Female,53,4,88381.21,1,1,0,69384.71,1
850,France,Female,40,9,99816.46,1,1,1,163989.66,1
515,Spain,Male,40,10,121355.99,1,1,0,138360.29,0
530,France,Male,52,1,106723.28,1,0,0,109960.4,1
569,France,Male,66,2,0.0,1,1,0,130784.2,1
661,Germany,Male,37,7,109908.06,2,1,0,115037.67,1
430,Germany,Male,49,3,137115.16,1,1,0,146516.86,1
551,Spain,Male,27,2,113873.22,1,1,1,85129.77,1
747,France,Male,42,4,80214.36,1,1,0,115241.96,1
828,France,Male,31,9,0.0,1,0,1,164257.37,0
618,France,Female,37,5,96652.86,1,1,0,98686.4,1
738,France,Male,26,9,0.0,2,1,1,48644.94,0
674,France,Male,46,2,174701.05,1,1,0,90189.72,1
479,Germany,Male,51,1,107714.74,3,1,0,86128.21,1
647,France,Female,42,9,0.0,2,1,1,51362.82,0
611,France,Male,35,10,0.0,1,1,1,23598.23,1
637,Spain,Male,43,8,0.0,1,1,0,12156.93,1
650,France,Male,60,8,0.0,2,1,1,102925.76,0
727,Spain,Male,38,2,62276.99,1,1,1,59280.79,0
601,Germany,Male,35,8,71553.83,1,1,0,177384.45,0
696,Spain,Female,30,0,0.0,2,1,1,9002.8,0
516,France,Male,51,8,120124.35,2,0,1,168773.54,0
772,Germany,Male,42,3,75075.31,2,1,0,92888.52,1
454,Germany,Female,50,10,92895.56,1,1,0,154344.0,1
696,Germany,Male,42,7,162318.61,1,1,0,121061.89,0
624,Germany,Male,54,3,116726.22,1,1,0,110498.1,1
705,France,Male,25,3,113736.27,1,0,1,196864.61,0
477,France,Male,47,9,144900.58,1,1,0,61315.37,1
630,Spain,Male,39,10,105473.74,1,0,0,58854.88,1
648,Spain,Male,46,9,127209.0,2,1,0,77405.95,1
637,France,Male,36,2,152606.82,1,1,1,71692.8,0
720,France,Male,71,5,183135.39,2,1,1,197688.5,0
534,France,Female,49,7,0.0,1,1,0,13566.48,1
639,Spain,Female,28,8,97840.72,1,1,1,178222.77,0
741,Spain,Male,40,4,104784.23,1,1,0,135163.76,1
597,Spain,Male,43,2,85162.26,1,0,1,5104.08,1
664,Germany,Female,49,5,127421.78,2,1,0,108876.75,1
762,Germany,Female,34,8,98592.88,1,0,1,191790.29,1
755,Germany,Male,40,2,137430.82,2,0,0,176768.59,0
516,France,Female,45,4,0.0,1,1,0,95273.73,1
434,Germany,Female,58,9,125801.03,2,1,0,60891.8,1
688,France,Female,39,0,0.0,2,1,0,53222.15,1
599,Germany,Male,61,1,124737.96,1,0,1,90389.61,1
632,Germany,Male,41,8,127205.32,4,1,0,93874.87,1
612,Spain,Female,63,2,131629.17,2,1,0,122109.58,1
756,France,Male,60,2,0.0,1,1,1,166513.49,1
629,Spain,Male,39,5,0.0,2,0,0,116748.14,0
705,Germany,Male,48,9,114169.16,1,0,0,173273.2,1
726,Spain,Female,56,8,123110.9,3,0,1,130113.78,1
706,Germany,Female,46,7,111288.18,1,1,1,149170.25,1
618,Germany,Female,40,0,140306.38,1,1,0,160618.61,1
445,Germany,Female,38,6,119413.62,2,1,0,175756.36,0
540,France,Female,31,7,0.0,1,0,1,183051.6,1
792,Spain,Male,36,5,92140.15,1,0,1,67468.67,0
561,France,Male,43,4,0.0,4,0,0,18522.91,1
737,Spain,Female,39,7,130051.66,2,0,0,55356.39,1
749,Spain,Male,34,2,0.0,1,0,0,174189.04,1
581,France,Male,54,4,89299.81,1,0,0,5558.47,1
706,Germany,Male,67,1,123276.69,2,1,1,86507.88,1
595,France,Female,39,9,136422.41,1,1,1,151757.81,0
555,Germany,Female,51,9,138214.5,1,1,0,198715.27,1
548,France,Female,36,3,0.0,1,1,0,65996.9,0
451,Spain,Female,23,9,0.0,2,0,1,48021.71,0
798,France,Male,37,8,0.0,3,0,0,110783.28,0
648,Germany,Female,51,2,116574.84,1,1,0,4121.04,1
567,Germany,Male,41,0,134378.89,1,1,1,105746.94,0
774,France,Female,32,4,0.0,2,0,0,114899.13,0
648,France,Female,38,2,0.0,2,0,1,9551.49,0
602,Germany,Female,26,8,113674.2,1,1,0,197861.16,1
679,France,Male,37,7,74260.03,1,1,0,194617.98,0
720,Germany,Male,46,3,97042.6,1,1,1,133516.51,1
524,Germany,Female,31,8,107818.63,1,1,0,199725.39,1
736,France,Female,30,9,0.0,2,1,0,34180.33,0
731,Spain,Female,40,5,171325.98,1,1,1,159718.27,1
750,Spain,Female,36,8,112940.07,1,0,1,9855.81,0
586,France,Male,64,1,0.0,2,1,1,53710.23,0
660,Spain,Male,38,6,109869.32,1,1,1,154641.91,0
679,Spain,Female,35,8,119182.73,1,0,0,121210.09,0
675,France,Female,38,6,68065.8,1,0,0,138777.0,1
739,France,Male,41,5,0.0,2,0,0,143882.25,0
529,Germany,Male,72,5,94216.05,1,1,1,78695.68,0
679,France,Male,47,10,198546.1,2,1,0,191198.92,1
768,Germany,Male,49,1,133384.66,1,1,0,102397.22,1
584,France,Male,31,5,0.0,2,1,0,31474.27,0
430,France,Male,35,1,118894.22,1,0,0,2923.61,0
599,Spain,Female,28,4,126833.79,2,1,0,60843.09,1
603,Spain,Female,42,8,91611.12,1,0,0,144675.3,1
719,Spain,Male,50,2,0.0,2,0,0,10772.13,0
847,Germany,Female,41,3,101543.51,4,1,0,16025.17,1
674,Germany,Female,38,10,83727.68,1,1,0,45418.12,0
678,France,Female,60,10,117738.81,1,1,0,147489.76,1
605,France,Male,32,9,0.0,2,1,1,55724.24,0
751,France,Female,39,3,0.0,2,1,1,84175.34,0
652,France,Female,80,4,0.0,2,1,1,188603.07,0
617,Germany,Female,37,4,116471.43,2,1,0,175324.74,1
575,France,Female,57,8,137936.94,1,1,1,84475.13,0
632,Spain,Male,31,3,136556.44,1,1,0,82152.83,1
726,France,Male,34,9,0.0,2,0,0,14121.61,0
689,France,Male,47,1,93871.95,3,1,0,156878.42,1
707,France,Male,29,4,0.0,2,1,0,139953.94,0
481,France,Female,28,10,0.0,2,1,0,145215.96,0
737,France,Male,44,7,0.0,2,0,0,57898.58,0
653,Spain,Male,35,6,116662.96,2,1,1,23864.21,0
541,Germany,Female,39,9,100116.67,1,1,1,199808.1,1
485,France,Male,37,5,0.0,2,0,1,170226.47,0
850,Spain,Female,45,5,174088.3,4,1,0,5669.31,1
799,Spain,Male,35,7,0.0,2,0,1,140780.8,0
625,Spain,Female,57,7,0.0,1,0,0,84106.17,1
532,France,Male,43,9,0.0,2,0,0,190573.91,1
665,Germany,Female,51,9,110610.41,2,0,1,1112.76,1
631,Spain,Male,46,9,160736.63,1,0,1,93503.02,0
554,France,Female,44,6,92436.86,1,1,0,126033.9,0
452,France,Male,30,7,112935.87,1,1,1,99017.34,0
638,Germany,Male,50,1,102645.48,1,1,0,168359.98,1
627,Germany,Male,24,5,102773.2,2,1,0,56793.02,1
586,France,Female,46,0,0.0,3,0,1,131553.82,1
850,France,Female,36,10,0.0,2,1,1,100750.03,0
739,France,Female,36,0,0.0,2,0,0,133465.57,0
607,Spain,Female,33,2,108431.87,2,0,1,109291.39,1
716,Spain,Male,34,9,0.0,1,1,1,66695.71,0
725,Germany,Male,45,8,116917.07,1,0,0,173464.43,1
517,France,Male,62,1,43772.66,3,1,0,187756.24,1
619,Spain,Female,41,8,0.0,3,1,1,79866.73,1
724,Germany,Female,53,1,139687.66,2,1,1,12913.92,0
650,Germany,Female,55,2,140891.46,3,1,1,179834.45,1
621,Germany,Female,55,7,131033.76,1,0,1,75685.59,1
696,Germany,Female,27,2,96129.32,2,1,1,5983.7,0
697,France,Female,45,1,0.0,2,1,0,46807.62,1
708,Germany,Female,42,8,192390.52,2,1,0,823.36,0
645,Spain,Female,37,7,0.0,2,1,0,13589.93,0
640,Spain,Male,37,5,158024.38,1,1,0,81298.09,0
753,Germany,Female,38,9,151766.71,1,1,1,180829.99,0
635,Spain,Male,50,7,159453.64,2,0,0,54560.79,1
727,Spain,Female,52,1,154733.97,1,1,0,80259.67,1
651,Germany,Female,35,1,163700.78,3,1,1,29583.48,1
708,France,Male,52,10,105355.81,1,1,0,123.07,1
530,France,Female,55,4,120905.03,1,0,1,123475.88,1
599,Spain,Male,36,4,0.0,2,0,0,13210.56,0
758,Germany,Female,23,5,122739.1,1,1,0,102460.84,1
666,Germany,Male,38,6,99812.88,2,1,1,158357.97,0
557,France,Female,39,7,49572.73,1,1,0,115287.99,1
597,Spain,Female,30,2,119370.11,1,1,1,182726.22,1
745,Germany,Female,44,0,119638.21,1,1,1,34265.08,1
790,Germany,Female,25,5,152885.77,1,1,0,58214.79,0
490,Germany,Male,33,5,96341.0,2,0,0,108313.34,0
624,France,Female,45,3,68639.57,1,1,0,168002.31,1
533,France,Male,47,9,83347.25,1,1,1,137696.25,0
611,Germany,Female,43,9,127216.31,2,0,1,17913.25,0
642,France,Male,40,8,109219.83,1,1,0,52827.51,0
644,Spain,Male,18,7,0.0,1,0,1,59645.24,1
783,France,Male,38,9,114135.17,1,1,0,153269.98,0
486,Spain,Male,24,1,0.0,1,1,0,98802.76,0
615,France,Male,66,7,0.0,2,1,1,74580.8,0
842,France,Male,44,3,141252.18,4,0,1,128521.16,1
643,Germany,Male,41,2,127841.52,1,1,0,172363.41,0
609,France,Female,39,8,141675.23,1,0,1,175664.25,0
533,France,Female,39,2,0.0,1,0,1,73669.94,1
679,France,Male,41,8,147726.98,3,1,0,172749.4,1
606,Germany,Female,41,4,132670.53,1,1,0,156476.36,1
596,Germany,Male,48,2,131326.47,1,0,0,1140.02,1
644,France,Male,44,5,73348.56,1,1,0,157166.79,1
633,Spain,Female,46,3,0.0,2,1,0,120250.58,0
665,Spain,Male,38,9,0.0,1,0,1,87412.74,0
706,Spain,Female,29,1,209490.21,1,1,1,133267.69,1
595,Germany,Male,46,5,142360.62,2,1,0,48421.4,1
643,France,Male,45,5,0.0,1,1,0,142513.5,1
696,France,Male,42,4,0.0,1,0,0,126353.13,1
773,Germany,Female,42,8,152324.66,2,1,0,171733.22,0
559,France,Female,43,1,0.0,1,0,1,86634.3,0
576,France,Female,50,8,0.0,2,1,1,57802.62,0
668,France,Male,38,10,86977.96,1,0,1,37094.75,0
399,Germany,Male,46,2,127655.22,1,1,0,139994.68,1
622,France,Male,32,5,179305.09,1,1,1,149043.78,0
750,France,Male,37,3,0.0,2,1,0,16870.2,0
732,Germany,Female,45,6,98792.4,1,1,0,81491.7,1
686,Germany,Male,29,3,185379.02,1,1,0,64679.07,0
751,France,Female,37,9,183613.66,2,0,0,49734.94,0
564,France,Female,36,7,206329.65,1,1,1,46632.87,1
557,France,Female,27,3,87739.08,1,1,1,123096.56,0
674,France,Female,21,9,120150.39,2,1,1,33964.03,0
660,Spain,Male,42,5,0.0,2,1,0,115509.59,0
671,Germany,Male,45,6,99564.22,1,1,1,108872.45,1
443,France,Female,54,3,138547.97,1,1,1,70196.23,1
528,Germany,Male,39,0,127631.62,1,0,1,22197.8,1
719,France,Male,49,5,105918.1,1,1,1,16246.59,0
734,France,Female,40,9,176914.8,1,1,1,12799.23,0
698,Germany,Male,56,1,112414.81,2,0,0,93982.02,1
416,France,Male,32,0,0.0,2,0,1,878.87,0
733,Germany,Male,34,3,100337.96,3,1,0,48559.19,1
601,Germany,Female,48,8,120782.7,1,1,0,63940.68,1
516,Germany,Female,53,1,156674.2,1,1,0,118502.34,1
753,Germany,Female,38,1,117314.92,1,1,0,122021.33,1
525,Spain,Female,25,10,0.0,2,1,0,69361.95,0
365,Germany,Male,30,0,127760.07,1,1,0,81537.85,1
699,France,Male,32,3,0.0,2,1,1,170770.44,0
545,Spain,Female,39,6,0.0,1,0,0,38410.74,1
799,France,Female,22,8,174185.98,2,0,1,192633.85,0
802,Germany,Female,41,4,90757.64,2,0,1,169183.66,0
608,France,Male,42,5,0.0,2,1,0,178504.29,0
726,France,Female,48,4,0.0,1,1,0,114020.06,1
459,Germany,Male,48,4,133994.52,1,1,1,19287.06,1
612,Germany,Female,36,2,130700.92,2,0,0,77592.8,0
738,Spain,Male,35,3,0.0,1,1,1,15650.73,0
623,Germany,Male,50,7,126608.37,1,0,1,645.61,1
588,France,Female,36,2,0.0,2,1,0,92536.0,1
718,Spain,Male,28,6,0.0,2,1,0,146875.86,0
504,Germany,Male,56,9,104217.3,1,0,0,55857.48,1
497,Spain,Male,24,3,0.0,2,1,0,76390.01,0
492,Germany,Female,52,8,125396.24,1,1,0,10014.72,1
649,Germany,Female,37,8,114737.26,1,1,1,106655.88,1
647,Germany,Male,52,7,130013.12,1,1,1,190806.36,1
351,Germany,Female,57,4,163146.46,1,1,0,169621.69,1
638,France,Female,36,6,0.0,1,1,0,164247.51,0
850,Germany,Female,45,5,103909.86,1,1,0,60083.11,1
542,Germany,Female,35,9,127543.11,2,1,0,468.94,1
631,Germany,Female,37,2,121801.72,2,0,1,23146.62,0
553,Germany,Male,46,3,82291.1,1,1,0,112549.99,1
535,Germany,Male,40,7,111756.5,1,1,0,8128.32,1
546,France,Female,47,8,0.0,1,1,1,66408.01,1
760,France,Male,43,8,121911.59,1,1,0,193312.33,0
645,France,Male,31,7,161171.7,2,1,0,12599.94,1
680,Germany,Female,48,8,115115.38,1,1,0,139558.6,1
714,Spain,Male,34,5,0.0,2,1,0,193040.32,0
516,France,Female,46,6,62212.29,1,0,1,171681.86,1
620,Spain,Male,29,9,0.0,2,1,0,13133.88,0
759,Spain,Male,38,1,0.0,2,1,0,20778.39,0
736,Spain,Female,28,2,0.0,2,1,1,117431.1,0
525,France,Female,59,6,55328.4,1,1,0,83342.73,1
648,Spain,Female,56,6,157559.59,2,1,0,140991.23,1
564,Germany,Female,62,5,114931.35,3,0,1,18260.98,1
503,France,Male,32,4,0.0,2,1,1,153036.97,0
850,Germany,Male,44,3,140393.65,2,0,1,186285.52,0
786,Spain,Female,32,6,114512.59,1,1,0,15796.66,0
615,France,Male,36,6,0.0,1,1,1,27011.8,1
654,Germany,Male,31,5,150593.59,2,1,1,105218.45,0
667,France,Male,31,1,119266.69,1,1,1,28257.63,0
660,Germany,Male,26,4,115021.76,1,0,1,162443.05,0
588,Spain,Male,32,3,109109.33,1,0,1,4993.94,0
586,France,Male,58,7,151933.63,1,1,0,162960.05,1
738,France,Female,26,3,0.0,2,1,0,67484.16,0
642,Germany,Female,56,6,103244.86,2,1,0,143049.72,1
542,France,Male,39,3,135096.77,1,1,1,14353.43,1
687,Germany,Male,33,9,135962.4,2,1,0,121747.96,0
661,France,Male,48,3,120320.54,1,0,0,96463.25,0
602,France,Female,56,3,115895.22,3,1,0,4176.17,1
516,Spain,Male,50,5,0.0,1,0,1,146145.93,1
564,Spain,Male,48,5,132876.23,1,1,0,79259.77,0
683,France,Male,43,8,0.0,1,1,0,96754.8,0
564,Germany,Male,40,7,108407.34,1,1,1,83681.2,0
839,Germany,Male,47,2,136911.07,1,1,1,168184.62,1
491,France,Female,36,0,53369.13,1,1,1,103934.12,0
768,France,Female,26,5,51116.26,1,1,1,70454.79,1
652,France,Female,37,4,92208.54,1,0,1,197699.8,1
677,Spain,Male,40,7,95312.8,1,1,1,62944.75,0
527,Spain,Female,29,2,27755.97,1,1,0,97468.44,1
671,France,Female,48,8,115713.84,2,0,0,83210.84,0
710,France,Male,33,10,118327.17,2,1,1,192928.82,0
612,Germany,Female,62,8,140745.33,1,1,0,193437.89,1
737,France,Male,36,9,0.0,1,0,1,188670.9,1
567,Germany,Male,29,5,129750.68,1,1,0,109257.59,0
623,France,Male,40,6,0.0,2,1,1,66119.07,0
445,Spain,Male,45,10,0.0,2,0,1,90977.48,0
655,France,Female,50,10,0.0,4,1,0,179267.94,1
633,Germany,Male,50,7,88302.65,1,1,1,195937.16,0
524,Spain,Female,32,6,0.0,1,1,1,132861.9,1
826,France,Female,49,0,0.0,1,0,0,178709.98,1
695,Germany,Female,53,8,95231.91,1,0,0,70140.8,1
643,France,Female,45,4,45144.43,1,1,0,60917.24,1
614,France,Male,50,4,137104.47,1,1,0,127166.49,1
769,France,Male,29,8,0.0,2,1,1,172290.61,0
698,Germany,Female,64,1,169362.43,1,1,0,84760.32,1
576,France,Female,29,5,108541.04,1,1,1,126469.09,0
490,France,Female,40,1,0.0,1,1,1,49594.19,1
738,France,Male,18,4,0.0,2,1,1,47799.15,0
621,France,Female,43,5,0.0,1,1,1,47578.45,0
801,France,Male,42,6,0.0,2,1,1,95804.33,0
655,Germany,Female,37,4,108862.76,1,1,0,79555.08,1
699,France,Male,30,9,0.0,1,1,1,108162.13,0
658,France,Female,35,5,126397.66,1,0,0,156361.58,1
721,France,Male,69,2,108424.19,1,1,1,178418.35,0
611,Germany,Female,49,9,115488.52,2,1,1,138656.81,1
850,France,Male,58,8,156652.13,1,0,0,25899.21,1
723,Germany,Male,52,5,131694.97,1,0,1,92873.5,1
613,France,Male,44,3,0.0,2,0,1,136491.72,0
618,France,Female,46,6,150213.71,1,1,0,120668.46,1
805,Germany,Male,56,6,151802.29,1,1,0,46791.09,1
697,France,Male,32,7,175464.85,3,1,0,116442.42,1
659,France,Female,56,9,123785.24,1,1,0,99504.03,1
444,France,Male,45,6,0.0,1,1,0,130009.85,1
523,Germany,Female,39,1,143903.11,1,1,1,118711.75,1
543,Germany,Male,41,6,143350.41,1,1,1,192070.16,1
598,Germany,Female,46,7,131769.04,1,0,0,184980.23,1
653,Spain,Male,30,4,0.0,2,1,0,120736.04,0
780,France,Male,34,1,0.0,1,1,1,64804.04,0
418,France,Female,46,9,0.0,1,1,1,81014.5,1
535,Germany,Male,48,5,134542.73,1,1,1,58203.67,1
570,France,Male,23,2,0.0,1,0,0,198830.98,0
512,Germany,Male,41,7,122403.24,1,0,1,37439.9,1
435,France,Male,54,3,0.0,1,1,0,156910.46,1
553,France,Male,37,2,0.0,2,1,0,33877.29,0
850,Germany,Male,28,2,101100.22,2,1,1,35337.31,0
829,France,Female,22,7,150126.44,1,1,0,152107.93,1
849,Germany,Female,49,9,132934.89,1,1,0,171056.65,1
850,Spain,Male,71,10,69608.14,1,1,0,97893.4,1
723,Germany,Female,28,5,91938.31,1,1,0,143481.85,0
689,Germany,Male,26,4,120727.97,1,0,1,149073.88,0
646,France,Female,45,3,47134.75,1,1,1,57236.44,0
594,France,Male,50,7,81310.34,1,1,1,183868.01,0
705,Spain,Female,46,5,89364.91,1,0,1,139162.15,0
567,Spain,Male,29,8,0.0,2,1,0,156125.72,0
729,France,Female,62,4,140549.4,1,1,0,30990.16,1
613,Germany,Male,59,8,91415.76,1,0,0,27965.0,1
691,Spain,Male,36,7,129934.64,1,0,0,75664.56,1
627,Germany,Female,39,5,124586.93,1,1,0,93132.61,1
680,Spain,Male,42,0,0.0,1,1,0,136377.21,0
610,Germany,Male,49,6,113882.33,1,1,0,195813.81,1
751,France,Male,42,4,0.0,2,1,1,81442.6,0
574,Spain,Female,28,7,0.0,2,0,0,185660.3,0
616,France,Female,31,3,136789.14,1,1,0,59346.4,1
681,France,Female,43,8,154100.3,1,0,0,114659.81,0
720,Spain,Male,33,3,123783.91,2,1,1,142903.44,0
487,France,Male,53,4,199689.49,1,1,1,24207.86,1
705,France,Female,50,4,77065.9,2,0,1,145159.26,0
552,Germany,Male,33,3,144962.74,1,1,0,58844.84,1
536,France,Female,22,5,89492.62,1,0,0,42934.43,0
692,Spain,Female,47,3,0.0,2,1,0,150802.41,1
745,Germany,Female,28,1,111071.36,1,1,0,73275.96,1
597,Germany,Female,35,8,131101.04,1,1,1,192852.67,0
534,France,Female,42,9,144801.97,1,0,1,12483.39,1
576,Germany,Male,46,4,137367.94,1,1,1,33450.11,0
469,Spain,Female,31,6,0.0,1,1,0,146213.75,1
531,Germany,Female,31,7,117052.82,1,1,0,118508.09,1
790,Spain,Female,41,7,109508.68,1,0,0,86776.38,0
576,France,Female,41,4,112609.91,1,0,0,191035.18,1
559,Germany,Female,28,3,152264.81,1,0,0,64242.31,0
706,Germany,Female,46,4,105214.58,1,1,0,108699.59,1
667,Spain,Male,71,4,137260.78,1,0,1,94433.08,1
678,Spain,Male,27,2,0.0,2,1,1,13221.25,0
632,Germany,Female,50,5,107959.39,1,1,1,6985.34,1
543,Germany,Female,37,3,122304.65,2,0,0,33998.7,0
507,Germany,Male,36,9,118214.32,3,1,0,119110.03,1
591,Spain,Female,40,1,86376.29,1,0,1,136767.16,1
628,Germany,Female,61,1,97361.66,1,1,1,149922.38,1
563,France,Female,32,0,148326.09,1,1,0,191604.27,1
651,Spain,Female,63,8,129968.67,1,1,1,11830.53,0
599,France,Female,41,2,91328.71,1,1,0,115724.78,0
686,Germany,Male,26,1,57422.62,1,1,1,79189.4,0
727,Germany,Male,46,3,115248.11,4,1,0,130752.01,1
671,Spain,Male,38,0,92674.94,2,1,0,3647.57,0
716,Germany,Female,39,10,115301.31,1,1,0,43527.4,1
630,Germany,Male,50,3,129370.91,4,1,1,47775.34,1
672,France,Female,50,1,0.0,1,1,0,12106.82,1
776,France,Female,43,4,0.0,2,0,1,162137.5,0
673,France,Male,32,8,121240.76,1,1,0,116969.73,0
590,France,Male,32,9,0.0,2,1,0,138889.15,0
613,Germany,Female,51,7,147262.11,1,1,1,53630.9,1
684,Germany,Female,63,3,81245.79,1,1,0,69643.31,1
554,France,Female,35,6,117707.18,2,0,0,95277.15,1
489,Germany,Male,28,1,79460.98,2,1,1,167973.63,0
697,France,Male,63,7,148368.02,1,0,0,118862.08,1
638,Spain,Male,41,7,0.0,2,1,0,43889.41,0
710,Germany,Male,43,2,140080.32,3,1,1,157908.19,1
583,Germany,Female,54,6,115988.86,1,1,0,57553.98,1
825,Germany,Female,35,6,118336.95,1,1,0,26342.33,1
491,Germany,Female,68,1,95039.12,1,0,1,116471.14,1
772,Germany,Female,48,6,108736.52,1,1,0,184564.67,1
555,Spain,Male,33,5,127343.4,1,0,1,121789.3,0
646,France,Female,33,2,0.0,2,0,0,198208.0,0
624,France,Male,51,10,123401.43,2,1,1,127825.25,0
664,France,Male,57,1,0.0,2,1,1,56562.57,0
659,Germany,Male,48,4,123593.22,2,1,0,82469.06,1
549,France,Female,34,4,0.0,2,0,0,139463.57,0
790,France,Female,40,9,0.0,2,1,1,70607.1,0
580,Germany,Male,39,3,119688.81,1,1,0,137041.26,0
649,Germany,Female,50,5,155393.32,1,1,1,87351.42,1
683,Germany,Female,35,5,95698.79,1,0,1,182566.76,0
636,Germany,Female,28,2,115265.14,1,0,0,191627.85,0
657,Spain,Male,36,8,188241.05,2,0,0,183058.51,1
785,France,Female,47,9,122031.55,1,1,1,33823.5,1
479,Spain,Male,27,2,172463.45,1,1,1,40315.27,0
606,Germany,Female,47,0,137138.2,2,0,1,53784.22,0
434,Germany,Male,71,9,119496.87,1,1,0,125848.88,0
793,Germany,Male,54,2,128966.13,1,0,0,18633.4,1
732,Spain,Female,69,9,137453.43,1,0,1,110932.24,1
663,Spain,Female,22,9,0.0,1,1,0,29135.89,1
684,Spain,Female,38,3,134168.5,3,1,0,3966.5,1
741,France,Male,38,9,0.0,2,1,0,14379.01,0
601,France,Male,44,3,0.0,2,1,0,30607.11,0
574,Spain,Male,52,7,115532.52,1,1,0,196257.67,0
572,Germany,Female,35,1,139979.07,1,1,0,185662.84,0
704,Spain,Male,37,4,0.0,2,0,0,25684.93,0
850,Spain,Female,53,7,65407.16,2,0,0,182633.63,1
689,Spain,Female,28,5,95328.6,1,1,0,6129.61,1
769,France,Female,25,10,0.0,2,0,0,187925.75,0
850,France,Female,32,8,0.0,2,1,1,55593.8,0
634,France,Female,37,7,51582.5,2,1,1,184312.88,0
523,France,Female,40,2,102967.41,1,1,0,128702.1,1
792,Germany,Female,29,4,107601.79,1,1,0,18922.18,1
656,Spain,Female,34,6,59877.33,1,1,0,14032.62,1
789,Germany,Male,43,8,119654.44,2,0,1,148412.24,1
672,France,Female,40,3,0.0,1,1,0,113171.61,1
620,Germany,Female,25,1,137712.01,1,1,1,76197.05,0
525,France,Male,51,10,0.0,3,1,0,171045.35,1
602,France,Male,33,5,164704.38,1,0,1,180716.1,1
686,Germany,Male,39,3,129626.19,2,1,1,103220.56,0
784,Spain,Male,35,3,0.0,2,0,0,81483.64,0
651,France,Male,35,7,74623.5,3,1,0,129451.29,1
504,Germany,Female,44,0,131873.07,2,1,1,158036.72,1
623,Germany,Female,48,1,108076.33,1,1,0,118855.26,1
539,Germany,Female,38,8,82407.51,1,1,0,13123.41,0
538,France,Female,38,8,88758.95,2,0,0,28226.15,1
751,Germany,Male,50,2,96888.39,1,1,0,77206.25,1
548,France,Female,46,1,0.0,1,1,1,104469.06,1
552,Germany,Female,42,8,103362.14,1,0,1,186869.58,1
850,Germany,Female,30,3,104911.35,2,1,1,42933.26,0
593,Germany,Female,39,8,151391.68,1,1,0,27274.6,1
686,Spain,Female,36,5,0.0,2,1,1,152979.14,0
612,Germany,Female,47,6,130024.87,1,1,1,45750.21,1
562,France,Male,62,3,0.0,2,1,0,105986.01,0
710,Germany,Female,41,9,149155.53,2,1,0,42131.26,1
850,France,Male,55,6,0.0,1,1,0,944.41,1
742,Germany,Female,43,6,97067.69,1,0,1,60920.03,1
625,France,Female,36,3,0.0,2,1,0,41295.1,1
554,Germany,Female,37,4,58629.97,1,0,0,182038.6,0
540,France,Male,48,0,148116.48,1,0,0,116973.48,0
583,Spain,Female,40,3,54428.37,1,1,0,109638.78,1
527,Spain,Male,53,8,0.0,1,1,1,51711.57,0
644,France,Female,46,9,95441.27,1,1,0,108761.05,1
743,Germany,Male,45,10,144677.19,3,1,0,22512.44,1
543,Germany,Male,48,1,100900.5,1,0,0,33310.72,1
644,France,Male,28,7,155060.41,1,1,0,29179.52,0
712,Spain,Female,29,7,77919.78,1,1,0,122547.58,0
672,France,Female,28,6,0.0,1,0,1,8814.69,0
515,Germany,Male,37,2,90432.92,1,1,1,188366.04,1
652,Germany,Male,41,9,159434.03,1,1,0,178373.93,0
629,France,Female,37,10,99546.25,3,0,1,25136.95,1
547,Germany,Male,49,8,121537.71,2,1,0,46521.45,1
577,France,Male,60,10,125389.7,2,1,1,178616.73,0
580,Germany,Female,42,2,123331.36,1,0,0,103516.08,1
596,France,Male,39,9,0.0,1,1,0,48963.59,0
643,Spain,Female,45,9,150840.03,2,1,0,155516.35,0
647,Spain,Female,26,8,109958.15,1,1,1,136592.24,1
567,France,Female,41,9,137891.35,1,1,0,142009.46,1
768,France,Female,28,3,109118.05,2,0,1,50911.41,0
572,France,Male,43,2,140431.98,1,1,0,26450.57,1
775,France,Male,31,9,0.0,2,1,0,169278.51,0
607,Spain,Male,40,1,112544.45,1,1,1,19842.22,0
534,France,Male,52,1,0.0,3,1,1,104035.41,1
671,Spain,Male,34,10,153360.02,1,1,0,140509.86,0
523,Spain,Female,36,8,113680.54,1,0,0,13197.44,0
662,France,Female,36,4,166909.2,2,1,0,138871.12,1
646,Spain,Male,31,2,0.0,1,1,1,170821.43,1
559,Spain,Male,24,3,114739.92,1,1,0,85891.02,1
755,Germany,Female,45,7,135643.0,1,0,0,143619.52,1
741,France,Male,29,8,0.0,2,1,1,115994.52,0
622,Germany,Male,42,9,115766.26,1,0,0,72155.85,1
643,France,Male,30,5,94443.77,1,1,1,165614.4,0
633,France,Male,40,4,150578.0,1,0,1,34670.62,1
588,Germany,Male,41,6,106116.56,2,1,0,198766.61,0
473,France,Female,39,9,117103.26,2,1,1,85937.52,1
727,Germany,Male,58,5,106913.43,1,1,0,25881.0,1
449,France,Male,52,6,0.0,2,0,1,123622.0,0
602,Germany,Female,43,2,113641.49,4,1,0,115116.35,1
461,France,Male,51,9,119889.84,1,0,0,56767.67,1
649,Spain,Male,29,2,45022.23,1,1,1,173495.77,0
636,Germany,Male,67,7,136709.35,1,0,1,66753.1,1
704,Germany,Female,39,10,102556.18,2,1,0,171971.25,1
714,Spain,Male,20,3,0.0,2,0,1,150465.93,0
531,France,Female,47,6,0.0,1,0,0,194998.34,1
637,France,Female,48,7,130806.99,2,1,1,132005.85,1
644,Germany,Female,40,4,77270.08,2,1,1,115800.1,1
609,France,Male,26,7,0.0,2,1,0,98463.99,0
850,Spain,Male,48,2,0.0,1,1,0,169425.3,1
594,France,Male,23,5,156267.59,1,1,0,160968.44,0
641,France,Female,37,2,0.0,2,1,0,3939.87,0
542,France,Male,38,8,65942.26,1,1,1,68093.23,1
678,France,Male,43,5,102338.19,1,1,1,79649.62,0
784,France,Male,31,7,0.0,2,1,1,143204.41,0
545,France,Female,26,1,0.0,2,1,1,199638.56,0
724,Germany,Female,48,6,110463.25,2,1,1,80552.11,1
809,Germany,Male,50,10,118098.62,1,1,1,100720.02,1
538,Spain,Male,68,9,0.0,2,1,0,110440.5,1
582,France,Male,20,4,0.0,1,1,1,55763.66,0
768,Germany,Male,37,9,108308.11,1,1,0,41788.25,1
723,France,Male,48,7,0.0,2,1,1,150694.58,0
569,Spain,Male,41,2,0.0,2,1,0,134272.57,0
747,Germany,Male,58,7,116313.57,1,1,1,190696.35,1
829,Germany,Male,28,3,132405.52,3,1,0,104889.2,1
645,Spain,Male,44,8,113755.78,2,1,0,149756.71,1
536,France,Female,61,8,65190.29,1,1,1,64308.49,1
675,France,Female,38,1,104016.88,1,0,0,22068.83,1
671,Germany,Male,28,8,119859.52,2,1,0,125422.66,0
528,France,Male,31,6,102016.72,2,0,0,80181.12,0
731,France,Female,47,1,115414.19,3,0,0,191734.67,1
700,France,Female,32,8,110923.15,2,1,1,161845.81,1
735,Spain,Male,50,9,0.0,1,0,0,166677.35,1
756,France,Female,32,4,0.0,2,1,0,147040.25,0
632,France,Male,38,4,0.0,2,0,0,192505.62,0
636,Germany,Female,48,3,120568.41,1,1,0,190160.04,1
783,Spain,Male,38,1,0.0,3,1,1,80178.54,1
648,Spain,Male,35,7,0.0,2,0,0,122899.01,0
681,France,Male,46,0,105969.42,1,1,0,5771.56,0
650,France,Female,31,1,160566.11,2,0,0,27073.81,0
550,Spain,Male,51,5,0.0,2,1,0,153917.41,0
646,France,Male,52,8,59669.43,1,0,0,172495.81,1
787,Spain,Female,39,7,171646.76,1,0,1,100791.36,0
581,Germany,Female,54,2,152508.99,1,1,0,187597.98,1
581,France,Female,47,1,122949.14,1,0,0,180251.68,1
682,France,Male,55,9,0.0,1,1,0,153356.8,1
850,Germany,Male,39,3,124548.99,2,1,1,120380.12,0
609,Spain,Female,43,6,86053.52,2,1,1,113276.46,1
594,France,Male,61,3,62391.22,1,1,1,192434.11,0
677,Spain,Female,25,8,130866.19,1,1,0,42410.21,0
466,Germany,Female,56,2,111920.13,3,1,0,197634.11,1
521,France,Male,43,8,0.0,1,1,1,93180.09,0
571,France,Male,40,5,0.0,2,0,0,72849.29,0
592,France,Male,28,2,116498.22,1,1,0,144290.25,0
615,Germany,Male,24,8,108528.07,2,0,0,179488.41,1
532,France,Male,44,3,148595.55,1,1,0,74838.64,1
779,France,Female,48,2,115290.27,1,0,0,98912.69,1
836,Spain,Female,41,7,150302.84,1,1,1,156036.19,0
708,France,Female,59,2,0.0,1,1,0,179673.11,1
642,Germany,Female,36,2,124495.98,3,1,1,57904.22,1
737,Germany,Female,22,10,111543.26,2,0,0,106327.85,0
743,Germany,Female,34,1,131736.88,1,1,1,108543.21,0
643,Spain,Female,32,2,0.0,1,0,0,131301.74,0
723,Germany,Female,68,3,110357.0,1,0,0,141977.54,1
642,Spain,Female,36,6,0.0,2,1,1,97938.59,0
558,France,Female,45,1,153697.53,2,0,0,89891.4,1
612,Spain,Female,52,5,144772.69,1,0,0,98302.57,1
737,Germany,Female,43,1,125537.38,1,1,0,138510.01,1
539,Spain,Male,38,8,71460.67,2,1,1,10074.05,0
813,France,Male,32,1,122889.88,1,1,1,26476.18,0
444,France,Female,45,4,0.0,2,1,0,161653.5,1
670,France,Male,22,2,114991.45,1,1,1,37392.56,0
850,Spain,Female,43,2,125510.82,1,1,1,79084.1,0
728,France,Male,37,3,122689.51,2,0,0,106977.53,1
691,France,Male,30,9,0.0,1,1,0,49594.02,0
492,Germany,Male,45,9,170295.04,2,0,0,164741.81,0
588,France,Female,34,3,120777.88,1,1,1,131729.52,0
754,Spain,Male,39,6,170184.99,2,1,0,89593.26,0
493,France,Female,33,8,90791.69,1,1,1,59659.53,0
545,Germany,Female,60,7,128981.07,1,0,1,176924.21,1
649,France,Female,46,2,0.0,2,1,1,66602.7,0
778,Germany,Male,41,7,139706.31,1,1,0,63337.19,0
617,France,Female,26,2,165947.99,2,0,1,168834.38,0
850,France,Female,42,8,0.0,1,1,0,19632.64,1
821,Germany,Male,45,0,135827.33,2,1,1,131778.58,0
703,Spain,Female,45,1,0.0,1,1,0,182784.11,1
555,Spain,Male,27,5,0.0,2,0,0,96398.51,0
609,France,Male,37,1,39344.83,1,1,1,178291.89,1
708,Germany,Female,43,0,118994.84,1,1,0,181499.77,1
647,Germany,Female,51,1,119741.77,2,0,0,54954.51,1
707,Germany,Female,48,7,105086.74,1,1,1,180344.69,1
605,France,Male,39,6,111169.91,1,0,0,9641.4,0
598,France,Female,43,5,0.0,3,1,1,100722.72,1
735,France,Female,25,3,91718.8,1,0,0,28411.23,0
550,France,Male,57,5,0.0,1,1,1,133501.94,0
756,France,Male,37,3,132623.6,1,1,1,58974.0,0
767,Germany,Male,23,2,139542.82,1,0,1,28038.28,0
651,Germany,Male,31,7,138008.06,2,1,0,129912.74,0
635,France,Female,40,10,123497.58,1,1,0,131953.23,1
626,France,Male,21,1,0.0,2,1,0,66232.23,0
647,Germany,Male,37,3,116509.99,1,1,1,149517.71,1
621,Germany,Male,46,6,141078.37,1,0,0,34580.8,1
367,Spain,Male,42,6,93608.28,1,1,0,168816.73,1
460,France,Female,27,7,0.0,2,1,0,156150.08,1
543,France,Male,22,8,0.0,2,0,0,127587.22,0
747,France,Male,49,6,202904.64,1,1,1,17298.72,1
850,France,Female,43,3,0.0,2,0,0,2465.8,0
686,France,Male,60,9,0.0,3,1,1,75246.21,1
482,Germany,Male,45,7,156353.46,1,1,0,72643.95,1
687,Germany,Female,47,1,91219.29,1,0,0,158845.49,1
452,France,Female,60,6,121730.49,1,1,1,142963.29,0
652,France,Male,48,4,59486.31,1,1,0,163944.18,1
580,France,Female,39,9,128362.59,1,1,0,86044.98,0
513,France,Male,30,5,0.0,2,1,0,162523.66,0
809,Spain,Female,48,2,0.0,1,1,0,160976.85,1
735,France,Male,41,7,74135.85,1,1,1,11783.1,1
415,France,Male,46,9,134950.19,3,0,0,178587.36,1
698,France,Male,48,4,101238.24,2,0,1,177815.87,1
655,Germany,Male,41,8,125561.97,1,0,0,164040.94,1
622,Germany,Female,34,7,98675.74,1,1,0,138906.85,1
556,France,Female,43,6,0.0,3,0,0,125154.57,1
686,Germany,Female,38,2,93569.86,3,0,0,10137.34,1
774,France,Female,35,3,121418.62,1,1,1,24400.37,0
724,France,Male,40,10,0.0,1,1,0,127847.25,1
725,France,Female,29,6,0.0,2,1,1,190776.83,0
725,Germany,Male,19,0,75888.2,1,0,0,45613.75,0
622,Spain,Female,46,4,107073.27,2,1,1,30984.59,1
750,France,Male,36,7,136492.92,3,1,1,26500.29,1
504,Germany,Female,43,7,102365.49,1,1,0,194690.77,1
789,France,Male,31,4,175477.15,1,1,1,172832.9,0
798,Spain,Female,58,9,0.0,2,0,0,119071.56,1
447,France,Male,43,2,0.0,2,1,0,33879.26,1
684,France,Male,45,6,148071.39,1,1,0,183575.01,0
671,Germany,Female,48,9,116711.06,2,0,0,76373.38,0
717,Spain,Female,34,1,0.0,2,1,0,119313.74,0
439,France,Female,29,6,156569.43,1,1,0,180598.66,0
799,France,Female,63,1,110314.21,2,1,0,37464.0,1
850,Spain,Female,50,10,0.0,2,1,1,33741.84,0
512,France,Male,36,4,152169.12,2,0,0,38629.3,1
614,France,Female,41,8,121558.46,1,1,1,598.8,0
698,Germany,Male,52,10,107304.39,3,1,0,28806.32,1
616,France,Male,46,2,0.0,2,1,0,137136.46,0
668,Spain,Male,25,8,0.0,2,1,1,135112.09,0
664,Spain,Female,53,7,187602.18,1,1,0,186392.99,1
704,Spain,Female,24,2,0.0,1,1,0,35600.25,1
726,Germany,Female,51,8,107494.86,2,1,0,140937.91,1
788,Germany,Female,57,8,93716.72,1,1,1,180150.49,1
809,France,Female,24,4,0.0,2,1,0,193518.76,0
495,Spain,Female,42,7,0.0,2,0,0,130404.53,0
702,Germany,Female,60,5,138597.54,2,1,1,41536.59,1
700,France,Female,44,2,58781.76,1,1,0,16874.92,0
653,France,Male,46,0,119556.1,1,1,0,78250.13,1
554,France,Female,44,9,135814.7,2,0,0,115091.38,0
453,France,Male,29,6,0.0,1,0,0,198376.02,1
748,Spain,Female,23,8,85600.08,1,0,0,134077.71,0
595,Germany,Female,25,7,106570.34,2,0,1,177025.79,0
438,France,Male,38,2,0.0,2,1,0,136859.55,0
628,Germany,Female,51,10,115280.49,2,0,0,12628.61,1
840,Germany,Female,51,1,87779.83,1,0,1,36687.11,1
791,Germany,Male,35,5,129828.58,1,1,1,181918.26,1
502,Germany,Female,40,7,117304.29,1,0,0,196278.32,0
757,Germany,Female,30,6,161378.02,1,0,0,71926.28,1
507,Germany,Male,31,2,134237.07,1,1,1,166423.66,1
611,Spain,Male,52,7,0.0,1,0,1,73585.18,1
688,France,Male,38,7,148045.68,1,1,0,175479.92,1
675,France,Male,54,2,0.0,1,1,0,149583.67,1
455,France,Male,40,1,0.0,3,0,1,129975.34,0
668,France,Male,42,3,150461.07,1,1,0,108139.23,0
741,France,Male,52,1,171236.3,2,0,0,21834.4,1
640,France,Female,47,6,89799.46,2,0,1,13783.77,1
850,Spain,Female,55,7,0.0,1,0,0,171762.87,1
738,Germany,Male,43,9,121152.05,2,1,0,64166.7,1
633,France,Female,37,9,156091.97,1,1,0,72008.61,0
803,France,Female,26,4,0.0,2,1,1,181208.47,0
748,France,Female,39,9,132865.56,1,1,1,59636.43,1
596,Spain,Female,54,0,78126.28,1,1,1,153482.91,1
764,Spain,Female,33,9,168964.77,1,0,1,118982.51,0
638,Germany,Male,42,8,145177.84,1,1,0,193471.74,1
683,France,Male,36,5,115350.63,1,1,1,122305.91,0
614,France,Male,49,1,0.0,2,1,0,192440.54,0
517,Germany,Female,59,8,154110.99,2,1,0,101240.08,1
630,Spain,Female,39,7,135483.17,1,1,0,140881.2,1
648,Spain,Female,49,10,0.0,2,1,1,159835.78,1
817,France,Male,44,8,0.0,1,0,0,65501.91,1
746,France,Male,36,7,142400.77,1,1,1,193438.69,0
478,France,Female,50,2,0.0,1,0,1,93332.64,1
713,France,Female,52,0,185891.54,1,1,1,46369.57,1
570,Germany,Female,50,5,129293.74,1,1,0,177805.44,1
712,Spain,Female,44,2,0.0,2,0,0,45738.94,0
723,Germany,Female,49,0,153855.52,1,1,1,180862.26,1
576,Germany,Female,71,6,140273.47,1,1,1,193135.25,1
641,Germany,Male,42,3,121765.37,2,1,1,166516.84,0
480,Germany,Female,25,3,174330.35,2,0,0,181647.13,0
677,Germany,Male,28,0,143988.0,2,1,0,8755.69,1
641,France,Female,48,3,147341.43,1,1,1,157458.61,1
640,Spain,Male,29,5,197200.04,2,1,0,141453.62,0
679,Germany,Male,58,8,125850.53,2,1,1,87008.17,0
709,France,Female,32,2,0.0,2,0,0,109681.29,0
535,France,Male,38,2,119272.29,1,0,0,195896.59,1
611,France,Female,53,7,0.0,2,0,1,156495.39,1
579,Spain,Male,33,6,0.0,1,1,0,94993.04,1
625,France,Male,36,9,108546.16,3,1,0,133807.77,1
708,France,Female,51,8,70754.18,1,1,1,92920.04,1
512,Spain,Female,35,5,124580.69,1,1,1,18785.48,0
652,Germany,Female,47,0,126597.89,2,1,1,38798.79,1
779,Germany,Female,37,2,128389.63,1,1,1,6589.16,1
797,France,Male,29,1,0.0,1,0,1,149991.32,0
506,France,Female,57,6,0.0,2,0,1,194421.12,1
781,France,Male,38,2,117810.79,1,0,1,65632.33,1
626,Spain,Female,37,6,108269.37,1,1,0,5597.94,0
665,Germany,Male,63,7,104469.58,1,1,1,25165.36,1
612,France,Female,33,0,64900.32,2,1,0,102426.12,0
763,France,Female,53,4,0.0,1,1,0,77203.72,1
741,France,Female,36,3,0.0,2,1,1,89804.83,0
644,France,Male,50,9,76817.0,4,1,0,196371.13,1
668,France,Female,32,2,0.0,2,1,1,40652.33,0
850,France,Male,40,6,0.0,1,1,0,136985.08,1
535,France,Female,48,9,0.0,1,1,0,149892.79,1
685,Spain,Female,30,2,0.0,3,1,1,172576.43,1
717,Spain,Female,36,2,164557.95,1,0,1,82336.73,0
626,France,Female,44,2,0.0,1,0,1,173117.22,1
696,Spain,Male,41,9,127523.75,1,0,1,191417.42,0
584,Spain,Female,59,1,0.0,1,0,1,130260.11,1
567,France,Female,47,2,0.0,1,0,0,110900.43,1
662,Spain,Female,54,1,187997.15,1,0,0,111442.71,1
498,Germany,Male,37,8,108432.88,2,1,1,14865.05,0
637,Germany,Male,49,2,108204.52,1,1,0,169037.84,1
733,Germany,Male,38,9,111347.37,2,0,1,194872.97,0
773,France,Female,41,7,190238.93,1,1,1,57549.65,0
850,Germany,Male,55,0,98710.89,1,1,1,83617.17,1
613,Germany,Male,69,9,78778.49,1,0,1,8751.59,0
540,Spain,Male,39,2,0.0,2,1,0,81995.92,0
565,Germany,Female,58,3,108888.24,3,0,1,135875.51,1
810,Germany,Male,69,3,27288.43,1,1,1,110509.9,0
629,France,Male,46,1,130666.2,1,1,1,161125.67,1
511,France,Female,46,1,0.0,1,1,1,115779.48,1
710,Spain,Male,62,3,131078.42,2,1,0,119348.76,1
760,Spain,Female,57,1,0.0,2,1,1,25101.17,0
691,France,Male,26,9,136623.19,1,1,0,153228.0,0
823,France,Male,37,5,164858.18,1,1,1,173516.71,0
665,France,Male,28,8,191402.82,2,1,0,83238.4,0
738,Germany,Female,40,6,114940.67,2,1,1,194895.57,1
498,Germany,Female,44,2,120702.67,2,1,1,98175.74,0
607,Germany,Male,29,7,102609.0,1,1,0,163257.44,0
613,France,Female,45,1,187841.99,2,1,1,147224.27,0
599,France,Male,44,10,118577.24,1,1,1,31448.52,0
712,Germany,Female,40,3,109308.79,2,1,0,120158.72,1
725,France,Male,35,7,75915.75,1,1,0,150507.43,0
632,Germany,Male,48,6,126066.26,1,1,0,64345.61,1
733,Spain,Male,35,8,102918.38,1,1,1,45959.86,0
456,France,Female,63,1,165350.61,2,0,0,140758.07,1
647,Germany,Female,35,3,166518.63,2,1,0,147930.46,0
658,France,Male,29,3,145512.84,1,1,0,20207.02,0
714,France,Female,51,4,88308.87,3,0,0,5862.53,1
633,Germany,Male,58,2,128137.42,2,1,0,147635.33,1
597,France,Female,36,9,0.0,2,1,1,7156.09,0
507,Spain,Male,32,7,0.0,2,1,0,67926.18,0
812,France,Male,24,10,0.0,2,1,1,156906.15,0
793,Germany,Female,32,1,96408.98,1,1,1,138191.81,0
702,Spain,Male,44,9,0.0,1,0,0,59207.41,1
714,Germany,Male,39,3,149887.49,2,1,0,63846.36,0
768,Germany,Female,47,5,104552.61,1,1,0,48137.08,1
636,Spain,Female,33,0,0.0,1,1,0,92277.47,1
850,Spain,Male,30,2,141040.01,1,1,1,5978.2,0
443,France,Male,44,2,0.0,1,1,0,159165.7,0
657,Germany,Male,57,8,107174.58,1,1,1,126369.55,1
711,Germany,Male,34,4,133467.77,2,1,1,42976.64,0
554,Germany,Female,54,6,108755.0,1,1,0,40914.32,1
698,France,Female,40,7,105061.74,3,1,0,107815.31,1
516,Germany,Female,47,9,128298.74,1,0,0,149614.17,1
727,Germany,Male,45,6,114422.85,2,1,1,104678.78,1
568,Spain,Female,36,10,153610.61,1,1,1,54083.8,1
718,France,Male,48,9,0.0,2,1,1,72105.63,0
620,France,Female,41,9,0.0,2,0,0,88852.47,0
571,France,Male,40,10,112896.86,1,1,1,121402.53,0
636,France,Female,34,3,0.0,2,1,1,44756.25,0
537,Germany,Male,39,3,135309.36,1,1,0,31728.86,1
650,Spain,Female,30,6,0.0,1,0,0,67997.13,1
588,Germany,Male,35,3,104356.38,1,1,0,94498.82,0
618,France,Male,56,7,0.0,1,1,1,142400.27,1
582,Germany,Male,41,6,70349.48,2,0,1,178074.04,0
717,France,Male,31,4,129722.57,1,0,0,41176.6,0
663,Germany,Female,37,8,155303.71,1,1,0,118716.63,0
749,France,Female,35,3,0.0,3,1,1,132649.85,0
798,France,Female,60,6,96956.1,1,1,0,31907.44,1
756,Spain,Male,38,6,119208.85,1,1,0,169763.89,1
480,France,Female,40,7,0.0,1,1,0,170332.67,1
516,France,Male,27,9,0.0,1,1,0,142680.64,1
682,France,Female,26,0,110654.02,1,0,1,111879.21,0
850,Germany,Female,45,5,127258.79,1,1,1,192744.23,1
805,France,Female,31,4,0.0,2,1,0,4798.12,0
678,France,Male,26,3,0.0,2,1,0,4989.33,0
745,France,Female,55,9,110123.59,1,0,1,51548.14,1
700,Spain,Male,28,8,159900.38,1,0,0,22698.56,0
819,France,Female,39,9,133102.92,1,1,0,27046.46,1
684,Spain,Male,56,8,78707.16,1,1,1,99398.36,0
735,France,Male,31,3,119558.35,1,0,0,72927.68,0
727,Germany,Male,59,5,152581.06,1,1,0,71830.1,1
619,France,Male,43,1,125211.92,1,1,1,113410.49,0
755,France,Male,62,1,127706.33,2,0,1,142377.69,0
651,Germany,Female,42,1,116646.76,1,1,0,44731.8,1
732,Germany,Male,50,6,145338.76,1,0,0,91936.1,1
719,France,Female,37,9,101455.7,1,1,0,25803.59,1
697,Germany,Male,51,1,147910.3,1,1,1,53581.14,0
651,Germany,Female,45,6,86714.06,1,1,0,85869.89,1
657,Spain,Male,41,8,109402.13,1,1,1,66463.62,0
578,France,Male,45,1,148600.91,1,1,0,143397.14,1
798,Germany,Female,49,5,132571.67,1,1,1,31686.33,1
419,Spain,Female,27,2,121580.42,1,0,1,134720.51,0
537,France,Female,45,7,158621.04,1,1,0,120892.96,1
678,Germany,Male,36,1,117864.85,2,1,0,27619.06,0
850,France,Male,30,10,153972.89,2,1,0,62811.03,0
623,France,Female,24,7,148167.83,2,1,1,109470.34,0
649,Spain,Female,47,8,110783.28,1,1,1,71420.16,0
739,Germany,Male,45,7,102703.62,1,0,1,147802.94,1
546,France,Male,34,4,165363.31,2,1,1,25744.13,1
682,France,Male,26,8,0.0,2,1,0,178373.43,0
691,France,Female,33,6,0.0,2,1,0,164074.89,0
850,Spain,Male,49,8,0.0,1,0,0,25867.67,1
592,Spain,Male,35,6,80285.16,1,1,0,72678.75,1
660,Germany,Male,35,9,113948.58,1,1,0,188891.96,1
535,Germany,Female,53,5,141616.55,2,1,1,75888.65,0
703,France,Female,41,6,109941.51,1,1,0,116267.28,0
498,France,Female,31,10,0.0,2,1,0,13892.57,0
790,Germany,Male,42,1,85839.62,1,1,0,198182.73,0
799,Germany,Male,31,9,154586.92,1,0,1,88604.89,1
655,Spain,Female,27,9,0.0,2,0,0,108008.05,0
766,Germany,Female,34,6,106434.94,1,0,1,137995.66,1
722,Spain,Female,29,9,0.0,2,1,1,142033.07,0
673,Spain,Female,32,0,0.0,1,1,1,72873.33,0
569,Spain,Female,42,1,0.0,1,1,1,83629.6,1
740,Spain,Female,31,8,0.0,2,0,0,86657.48,0
593,France,Male,32,6,99162.29,1,1,0,128384.11,0
483,France,Female,44,5,136836.49,1,1,0,192359.9,1
786,Germany,Female,33,0,122325.58,1,0,0,34712.34,1
670,France,Male,33,2,141204.65,2,1,0,76257.46,0
793,Spain,Male,63,0,0.0,2,0,1,27166.75,0
767,Spain,Female,24,5,0.0,2,1,1,67445.85,0
474,France,Male,54,3,0.0,1,1,0,108409.17,1
719,Spain,Female,47,9,116393.59,1,1,0,63051.32,1
682,France,Female,42,0,0.0,1,0,1,91981.85,1
741,France,Female,35,1,0.0,2,1,0,36557.55,0
794,Spain,Male,45,8,88656.37,2,1,0,116547.31,0
700,France,Male,37,1,135179.49,1,1,0,160670.37,0
481,France,Male,44,9,175303.06,1,1,0,65500.53,1
841,Spain,Male,41,1,0.0,2,0,1,193093.77,0
791,Germany,Female,42,10,113657.41,2,0,1,139946.68,1
611,France,Female,46,5,0.0,1,1,0,77677.14,1
813,Germany,Male,59,2,135078.41,1,1,0,187636.06,1
544,France,Female,40,7,0.0,1,0,1,161076.92,0
651,Germany,Male,29,3,121890.06,1,1,0,54530.51,1
518,Germany,Male,29,9,125961.74,2,1,0,160303.08,1
479,Germany,Male,35,4,138718.92,1,1,1,47251.79,1
647,Germany,Male,30,6,143138.91,2,1,0,2955.46,0
602,France,Male,34,5,0.0,2,1,1,77414.45,0
653,France,Male,47,6,0.0,1,1,0,50695.93,1
779,France,Female,26,0,0.0,2,0,1,111906.0,0
687,France,Female,24,3,110495.27,1,1,0,158615.41,0
666,Germany,Female,44,2,122314.5,1,0,0,68574.88,1
805,Germany,Female,45,9,116585.97,1,1,0,189428.75,1
529,Germany,Male,29,4,135759.4,1,0,0,112813.79,1
850,Spain,Female,38,3,0.0,2,0,1,179360.76,0
606,France,Female,71,8,0.0,2,1,1,169741.96,0
796,France,Male,51,6,0.0,2,0,1,194733.28,0
551,France,Male,31,1,0.0,2,1,1,185105.44,0
668,Spain,Male,43,1,147167.25,1,0,0,141679.73,0
610,Spain,Female,50,5,130554.51,3,1,0,184758.17,1
571,Germany,Female,34,1,101736.66,1,0,1,195651.66,0
631,Germany,Male,40,3,107949.45,1,1,0,52449.62,1
635,Germany,Female,37,9,146748.07,1,0,1,11407.58,0
530,Spain,Female,22,7,0.0,2,1,0,104170.48,0
753,Germany,Male,44,3,138076.47,1,1,0,15523.09,1
585,Germany,Male,50,2,125845.66,1,1,0,9439.31,1
445,France,Female,30,3,0.0,2,1,1,127939.19,0
547,Spain,Female,44,5,0.0,3,0,0,5459.07,1
710,Germany,Female,62,9,148214.36,1,1,0,48571.14,1
578,Spain,Male,40,6,63609.92,1,0,0,74965.61,1
684,Germany,Male,59,9,122471.09,1,0,1,15807.07,0
596,Germany,Male,54,1,123544.0,1,1,1,120314.75,1
668,Germany,Female,39,0,122104.79,1,1,0,112946.67,1
559,France,Male,52,2,0.0,1,1,0,129013.59,1
676,France,Female,40,2,147803.48,1,1,0,95181.06,1
744,Germany,Male,29,6,123737.04,2,1,0,141558.04,0
579,Germany,Male,28,6,150329.15,1,1,0,145558.42,0
764,France,Female,44,1,0.0,2,1,1,11467.38,0
632,France,Male,50,2,0.0,2,0,0,57942.88,0
850,France,Female,35,6,81684.97,1,1,0,824.0,0
615,Spain,Male,61,9,0.0,2,1,0,150227.85,1
656,Spain,Female,40,10,167878.5,1,0,1,151887.16,0
757,Germany,Female,43,5,131433.33,2,1,1,3497.43,1
655,France,Male,37,5,93147.0,2,1,0,66214.13,0
622,France,Male,41,2,127087.06,1,1,0,102402.91,1
669,France,Male,50,4,149713.61,3,1,1,124872.42,1
681,Germany,Male,42,3,118199.97,2,1,0,9452.88,1
640,France,Male,33,7,154575.76,1,1,0,25722.28,1
850,France,Female,39,2,0.0,2,1,0,179451.42,0
494,Germany,Female,38,7,174937.64,1,1,0,40084.32,0
616,Spain,Female,36,6,0.0,1,1,1,12916.32,1
585,Germany,Female,40,3,162261.01,2,1,0,137028.51,0
475,France,Female,45,0,134264.04,1,1,0,27822.99,1
718,France,Male,52,8,79475.3,3,1,1,32421.32,1
556,Germany,Male,37,9,145018.64,2,1,0,90928.02,1
583,France,Female,57,3,238387.56,1,0,1,147964.99,1
687,Germany,Male,35,1,125141.24,2,1,1,148537.07,0
599,Spain,Male,35,6,137102.65,1,0,0,76870.81,0
566,Germany,Male,22,7,144954.75,2,1,0,102246.0,0
569,Spain,Female,34,6,144855.34,1,0,0,196555.32,0
459,Germany,Male,46,7,110356.42,1,1,0,4969.13,1
602,France,Female,39,6,154121.32,2,1,0,176614.86,1
728,France,Female,46,2,109705.52,1,1,0,20276.87,1
604,Spain,Female,39,7,98544.11,1,1,1,52327.57,0
577,France,Male,41,6,0.0,1,1,1,167621.18,0
716,France,Female,52,7,65971.61,2,1,0,14608.0,1
520,France,Male,31,4,93249.4,1,1,0,77335.75,0
586,Germany,Male,46,8,106968.96,1,1,1,79366.98,1
726,Spain,Female,56,2,105473.74,1,1,1,46044.7,0
652,Germany,Male,46,10,121063.8,3,1,0,151481.86,1
618,France,Male,39,2,91068.56,1,1,0,26578.69,0
569,Germany,Male,35,2,109196.66,3,1,0,109393.19,1
584,Spain,Female,29,4,0.0,2,1,0,88866.92,0
547,Germany,Male,50,3,81290.02,3,0,1,177747.03,1
520,Germany,Male,32,5,110029.77,1,1,0,56246.69,0
550,Germany,Female,42,10,128707.31,1,1,0,63092.65,1
449,France,Female,21,7,0.0,2,0,0,175743.92,0
763,France,Female,38,0,152582.2,2,0,0,31892.82,0
755,Germany,Female,37,0,113865.23,2,1,1,117396.25,0
629,Spain,Male,29,6,0.0,2,1,1,88842.8,0
694,Germany,Male,31,6,109052.59,2,1,1,19448.93,1
501,Spain,Male,43,6,104533.24,1,0,0,81123.59,1
624,Spain,Female,28,2,0.0,2,0,1,104353.26,0
713,Germany,Female,38,7,144606.22,1,1,1,56594.36,1
571,France,Female,38,6,107193.82,2,0,0,38962.94,0
740,Germany,Male,40,4,114318.78,2,1,0,129333.69,1
781,Spain,Male,35,4,80790.74,1,1,0,116429.51,0
793,Spain,Male,52,2,0.0,1,1,0,159123.82,1
773,Spain,Female,39,4,0.0,2,0,1,182081.45,0
628,Germany,Male,38,10,113525.84,1,1,0,46044.48,1
500,France,Male,56,1,100374.58,1,1,0,118490.8,1
521,France,Female,32,2,136555.01,2,1,1,129353.21,0
705,France,Male,32,7,0.0,2,1,0,7921.57,0
681,France,Female,29,2,148143.84,1,1,1,52021.39,0
722,Spain,Male,43,1,0.0,1,1,0,44560.17,1
627,Spain,Male,44,6,0.0,1,1,1,114469.55,0
706,Spain,Male,29,2,0.0,2,1,1,18255.51,0
774,France,Male,53,4,113709.28,1,1,1,153887.93,1
685,Germany,Male,38,4,111798.06,2,1,1,102184.66,0
663,France,Male,34,10,0.0,1,1,1,114083.73,0
757,France,Male,57,3,89079.41,1,1,1,53179.21,1
657,France,Female,37,6,95845.6,1,1,0,122218.23,0
762,France,Male,26,6,130428.78,1,1,0,173365.89,0
707,France,Female,57,1,92053.0,1,1,1,164064.44,1
610,France,Male,41,6,0.0,3,0,0,56118.81,1
850,Spain,Female,39,6,0.0,2,1,0,103921.43,0
789,France,Female,53,1,158271.74,1,1,1,5036.39,1
622,France,Male,26,9,0.0,2,1,1,153237.59,0
722,France,Male,40,6,0.0,2,1,1,111893.09,0
660,France,Male,19,5,127649.64,1,1,1,40368.65,0
619,Spain,Male,46,8,62400.48,1,1,1,132498.39,1
608,France,Female,56,10,129255.2,2,1,0,142492.04,1
480,France,Female,42,1,152160.21,2,1,0,101778.9,0
575,Germany,Male,49,7,121205.15,4,1,1,168080.53,1
766,France,Female,45,6,0.0,2,0,0,147184.74,0
613,Spain,Female,32,0,0.0,2,0,1,126675.62,0
574,Spain,Male,36,4,77967.5,1,1,0,167066.95,1
652,Germany,Female,26,1,131908.35,1,1,1,179269.79,0
554,Germany,Female,43,2,120847.11,1,1,0,7611.61,1
650,Spain,Male,41,9,0.0,2,0,1,191599.67,0
618,France,Male,34,5,134954.53,1,1,1,151954.39,0
672,Spain,Male,43,5,0.0,2,1,1,64515.5,0
850,Germany,Male,38,7,101985.81,2,0,0,43801.27,0
621,Germany,Male,40,8,174126.75,3,1,0,172490.78,1
639,Spain,Female,39,1,141789.15,1,1,0,92455.96,0
556,France,Female,40,9,129860.37,1,0,0,17992.94,0
597,Germany,Female,39,8,162532.14,3,1,0,36051.46,1
573,Spain,Male,56,3,154669.77,1,0,1,115462.27,1
550,Germany,Male,49,0,108806.96,3,1,0,61446.92,1
815,France,Female,56,3,0.0,3,1,1,94248.16,1
537,Germany,Female,46,5,100727.5,1,0,1,140857.76,1
437,Germany,Male,35,6,126803.34,2,1,1,161133.4,0
665,Spain,Female,51,8,0.0,1,1,1,38928.48,1
596,France,Male,21,4,210433.08,2,0,1,197297.77,1
693,France,Male,31,1,0.0,2,0,1,182270.88,0
583,France,Female,42,7,0.0,2,1,0,144039.05,0
692,France,Male,40,6,163505.16,1,0,0,90424.09,0
735,France,Female,53,8,123845.36,2,0,1,170454.93,1
651,France,Female,56,4,0.0,1,0,0,84383.22,1
746,France,Male,48,5,165282.42,1,1,0,153786.46,1
704,Germany,Female,39,1,124640.51,1,1,0,116511.12,1
697,Spain,Male,30,1,0.0,2,0,0,735.79,0
617,France,Female,35,5,0.0,2,0,1,13066.3,0
645,France,Male,19,9,128514.84,1,0,0,175969.19,0
749,Germany,Female,33,10,76692.22,1,0,1,30396.43,0
628,Germany,Male,39,1,115341.19,1,1,1,107674.3,1
633,France,Male,37,7,141546.35,1,1,1,124830.11,0
652,Spain,Female,42,4,0.0,2,1,1,38152.01,0
542,Spain,Male,54,8,105770.14,1,0,1,140929.98,1
677,Spain,Male,56,5,123959.97,1,1,1,60590.72,1
502,France,Female,42,8,159660.8,3,1,0,113931.57,1
590,France,Male,43,7,81076.8,2,1,1,182627.25,1
493,France,Female,31,3,0.0,1,1,1,176570.28,1
493,France,Male,38,3,134006.77,1,1,0,89578.32,0
575,Germany,Male,47,9,107915.94,2,1,1,63452.18,1
850,France,Female,35,2,128548.49,4,1,0,75478.95,1
655,France,Female,59,7,0.0,1,1,0,88958.49,1
660,France,Male,63,8,137841.53,1,1,1,42790.29,0
651,Germany,Male,40,1,134760.21,2,0,0,174434.06,1
645,France,Male,44,10,0.0,2,0,1,166707.22,0
646,Germany,Male,39,6,121681.91,2,0,1,61793.47,0
682,Spain,Female,54,0,83102.72,2,1,1,54132.93,0
705,Germany,Female,54,3,125889.3,3,1,0,96013.5,1
609,France,Male,40,6,0.0,2,1,1,97416.34,0
612,Spain,Female,36,5,119799.27,2,1,0,159416.58,0
755,France,Female,43,9,0.0,2,1,0,18066.69,0
766,Germany,Male,27,5,126285.73,1,1,0,177614.17,1
523,Germany,Male,41,0,119276.31,1,0,0,122284.38,1
581,Germany,Male,39,1,121523.51,1,0,0,161655.55,1
668,Spain,Female,36,3,133686.52,1,1,0,190958.48,1
603,France,Male,31,1,129743.75,1,1,0,109145.2,0
850,Spain,Female,70,5,0.0,1,1,1,705.18,0
710,France,Male,43,9,128284.45,1,1,0,32996.89,1
503,France,Male,42,8,104430.08,1,1,1,147557.71,0
622,Spain,Female,23,8,0.0,2,1,1,131389.39,0
599,Germany,Male,45,10,103583.05,1,1,0,132127.69,1
693,Germany,Male,40,0,120711.73,1,0,0,27345.18,1
642,France,Male,26,1,138023.79,2,0,1,117060.2,0
727,Germany,Male,37,9,101191.83,1,1,1,34551.35,1
711,Spain,Male,38,3,128718.78,1,0,0,114793.45,0
436,Germany,Male,45,3,104339.11,2,1,1,183540.22,1
709,Germany,Male,22,0,112949.71,1,0,0,155231.55,0
667,Germany,Female,48,1,97133.92,2,0,0,113316.77,1
813,France,Female,62,10,64667.95,2,0,1,140454.14,0
663,Germany,Male,32,8,130627.66,1,1,0,47161.25,1
517,Germany,Male,53,0,109172.88,1,1,0,54676.1,1
705,Spain,Male,44,0,184552.12,1,1,0,68860.3,1
573,Spain,Male,33,1,160777.9,1,1,1,149536.15,0
545,Germany,Male,37,9,110483.86,1,1,1,127394.67,0
539,Spain,Male,36,6,0.0,3,1,1,118959.64,0
522,Germany,Female,25,5,94049.92,2,1,0,103269.0,0
513,Spain,Female,31,5,174853.46,1,1,0,84238.63,0
689,Spain,Male,40,2,0.0,2,1,1,164768.82,0
591,Spain,Female,27,5,107812.67,1,0,1,162501.83,1
617,Germany,Female,51,10,167273.71,1,0,0,93439.75,1
655,Germany,Female,32,6,130935.56,1,1,0,9241.83,1
670,Spain,Female,57,3,175575.95,2,1,0,99061.75,1
647,Germany,Female,41,1,85906.65,3,1,0,189159.97,0
678,France,Female,55,5,0.0,1,0,1,196794.11,1
635,France,Female,27,8,127471.56,1,1,1,152916.05,1
691,France,Male,41,2,0.0,1,1,1,56850.92,1
552,Germany,Male,39,2,132906.88,1,0,1,149384.43,0
765,France,Female,50,9,126547.8,1,1,1,79579.94,1
621,Spain,Male,34,8,0.0,1,0,0,47972.65,0
750,Spain,Male,22,3,121681.82,1,1,0,128643.35,1
602,Spain,Female,42,1,138912.17,1,1,1,139494.75,0
782,France,Female,33,2,94493.03,1,0,1,101866.39,0
642,Germany,Male,49,4,120688.61,1,1,0,24770.22,1
567,Spain,Female,45,1,157320.51,1,1,0,62193.92,0
469,Germany,Female,52,8,139493.25,3,0,0,150093.32,1
782,Spain,Male,23,10,98052.66,1,1,1,142587.32,0
589,France,Female,61,1,0.0,1,1,0,61108.56,1
573,France,Male,26,8,86270.93,2,1,1,90177.3,0
465,Germany,Male,24,6,156007.09,1,1,0,191368.37,0
668,Spain,Female,24,7,173962.32,1,0,0,106457.11,1
627,France,Female,55,2,159441.27,1,1,0,100686.11,1
568,France,Female,44,7,0.0,2,0,0,62370.67,1
758,Spain,Female,35,5,0.0,2,0,0,100365.51,0
521,France,Male,38,5,110641.18,1,0,1,136507.69,1
694,Germany,Female,58,1,143212.22,1,0,0,102628.56,1
797,France,Female,29,1,0.0,2,1,1,132975.39,0
573,Germany,Female,47,4,152522.47,1,0,1,164038.07,1
568,Spain,Female,26,6,0.0,2,0,0,166495.2,0
837,Germany,Male,37,6,94001.61,2,1,0,140723.05,0
850,Spain,Male,39,6,206014.94,2,0,1,42774.84,1
793,Spain,Male,29,8,96674.55,2,0,0,192120.66,0
710,France,Female,31,3,0.0,2,1,1,112289.06,0
553,Spain,Female,48,3,0.0,1,0,1,30730.95,1
727,Spain,Male,43,2,97403.18,1,1,1,107415.02,1
599,Germany,Male,25,7,108380.72,1,1,1,79005.95,0
721,France,Female,40,7,0.0,2,1,1,122580.48,0
555,France,Male,51,5,0.0,3,1,0,189122.89,1
743,Spain,Male,41,7,0.0,1,1,0,163736.09,1
614,France,Female,37,8,75150.34,4,0,1,131766.67,1
679,France,Male,40,1,0.0,1,1,1,16897.19,0
610,Germany,Male,50,1,113957.01,2,1,0,196526.55,1
629,Spain,Male,32,3,0.0,2,1,1,15404.64,0
463,Spain,Male,20,8,204223.03,1,1,0,128268.39,0
678,France,Female,28,4,0.0,2,1,1,144423.17,1
760,Germany,Male,34,6,121303.77,2,1,1,59325.21,0
601,Germany,Female,54,1,131039.97,2,1,1,199661.5,0
545,France,Female,55,5,0.0,1,0,0,10034.77,1
665,Spain,Female,40,1,173432.55,1,0,1,116766.79,0
712,France,Female,37,1,106881.5,2,0,0,169386.81,0
498,Germany,Male,42,3,152039.7,1,1,1,53445.17,1
725,Germany,Male,39,1,50880.98,2,1,1,184023.54,0
706,Germany,Male,23,2,93301.97,2,0,1,127187.04,0
720,Germany,Female,57,1,162082.31,4,0,0,27145.73,1
759,France,Male,42,4,105420.18,1,0,1,121409.06,0
630,France,Female,40,0,118633.08,1,0,1,60032.46,1
782,Germany,Female,72,5,148666.99,1,1,0,2605.65,1
530,France,Male,25,9,162560.32,1,1,0,64129.03,0
704,France,Male,39,5,0.0,1,1,0,6416.92,0
684,Germany,Female,56,3,127585.98,3,1,1,80593.49,1
709,France,Female,32,2,87814.89,1,1,0,138578.37,0
645,France,Female,37,1,0.0,2,1,1,68987.55,0
698,France,Male,38,2,130015.24,1,1,1,41595.3,0
580,Germany,Female,36,6,145387.32,2,1,1,169963.2,1
598,France,Female,40,9,0.0,1,1,0,68462.59,1
581,Germany,Male,38,1,133105.47,1,1,0,105732.9,1
777,France,Female,29,9,131240.61,1,1,1,163746.09,1
786,France,Male,35,3,0.0,2,1,0,92712.97,0
544,France,Male,30,4,73218.89,1,0,1,126796.69,0
506,France,Female,40,3,0.0,1,1,1,144345.58,0
531,France,Male,31,3,0.0,1,1,1,42589.33,0
691,France,Female,33,1,128306.83,1,1,1,113580.79,0
706,Germany,Female,29,6,185544.36,1,1,0,171037.63,0
724,Germany,Male,33,4,88046.88,1,0,1,186942.49,1
684,Spain,Female,42,3,103210.27,1,1,0,31002.03,0
734,France,Male,30,3,0.0,2,1,0,107640.25,0
745,France,Female,32,2,0.0,4,0,1,179705.13,1
711,France,Female,35,8,0.0,1,1,1,67508.01,0
639,France,Female,60,5,162039.78,1,1,1,84361.72,1
537,France,Male,26,7,106397.75,1,0,0,103563.23,0
626,Spain,Female,26,8,148610.41,3,0,1,104502.02,1
767,Spain,Male,47,2,0.0,1,1,0,48161.18,1
777,France,Female,30,4,137851.31,1,1,0,5008.23,1
627,France,Male,44,6,153548.12,1,0,0,35300.08,1
501,France,Female,41,3,144260.5,1,1,0,172114.67,0
652,France,Female,51,3,0.0,1,1,0,173989.47,1
625,France,Female,51,7,136294.97,1,1,0,38867.46,1
728,Spain,Male,42,8,0.0,2,0,1,41823.22,0
608,Spain,Female,41,1,83807.86,1,0,1,112542.58,0
814,Germany,Male,29,8,97086.4,2,1,1,197276.13,0
506,Germany,Male,59,8,119152.1,2,1,1,170679.74,0
607,Spain,Male,28,1,135936.1,2,1,1,110560.14,0
572,Spain,Male,35,4,152390.26,1,1,0,128123.66,0
794,France,Female,62,9,123681.32,3,1,0,173586.63,1
663,Germany,Male,37,7,143625.83,2,0,1,176487.05,0
654,France,Male,32,9,121455.65,1,1,0,190068.53,1
562,France,Male,45,6,136855.24,1,1,0,46864.0,0
655,France,Female,34,3,0.0,2,1,0,159638.77,0
850,Germany,Female,70,1,96947.58,3,1,0,62282.99,1
683,France,Female,32,9,0.0,2,1,1,24991.92,0
699,France,Male,22,9,99339.0,1,1,0,68297.61,1
817,Germany,Male,45,9,101207.75,1,0,0,88211.12,1
701,Spain,Male,28,1,103421.32,1,0,1,76304.73,0
603,Germany,Male,44,6,108122.39,2,1,0,108488.33,1
650,Spain,Male,20,8,0.0,2,1,1,113469.65,0
799,Spain,Male,38,2,0.0,2,1,1,59297.34,0
590,Spain,Female,44,3,139432.37,1,1,0,62222.81,0
570,Germany,Male,42,0,107856.57,2,1,0,127528.84,0
601,Germany,Male,48,9,163630.76,1,0,1,41816.49,1
753,Germany,Female,46,3,111512.75,3,1,0,159576.75,1
535,France,Male,30,6,103804.97,1,1,1,125710.53,0
705,Germany,Female,33,5,116765.7,1,0,0,190659.17,1
793,France,Male,63,4,103729.79,2,1,1,80272.06,0
693,Germany,Male,25,6,146580.69,1,0,1,14633.35,0
767,Spain,Male,31,6,0.0,2,1,1,195668.0,0
633,Germany,Male,43,3,144164.29,1,1,1,158646.46,0
524,France,Male,50,4,0.0,2,1,1,31840.59,1
792,Germany,Female,50,4,146710.76,1,1,0,16528.4,1
687,Germany,Male,26,2,142721.52,1,1,1,153605.75,0
772,Germany,Female,51,9,143930.92,1,0,1,46675.51,1
702,France,Male,26,2,71281.29,1,1,1,108747.12,1
405,France,Male,39,10,0.0,1,1,0,160810.85,1
678,Spain,Female,49,8,0.0,2,0,1,98090.69,0
824,France,Male,26,7,146266.0,1,1,0,21903.62,1
731,France,Female,52,10,0.0,1,1,1,24998.75,1
682,Germany,Female,35,2,117438.92,2,1,1,16910.98,0
600,France,Male,34,0,0.0,2,0,1,3756.23,0
719,Spain,Male,40,4,128389.12,1,1,1,176091.31,0
730,Germany,Female,37,5,124053.03,1,1,0,118591.67,0
595,Germany,Female,26,8,118547.72,1,1,1,151192.18,0
512,France,Female,33,6,121685.31,2,1,1,83681.97,0
838,Spain,Male,43,9,123105.88,2,1,0,145765.83,0
512,France,Female,30,6,0.0,2,1,0,88827.31,0
667,Spain,Female,39,2,0.0,2,1,0,40721.24,1
447,France,Male,41,3,0.0,4,1,1,197490.39,1
707,Germany,Female,51,10,98438.23,1,0,0,70778.63,1
566,Germany,Female,35,1,123042.0,1,1,0,66245.44,1
621,France,Female,50,5,0.0,2,1,0,191756.54,1
585,France,Male,55,10,106415.57,3,1,1,122960.98,1
599,Spain,Female,31,3,0.0,1,1,1,130086.47,1
576,Germany,Male,44,9,119530.52,1,1,0,119056.68,1
742,France,Male,32,6,160485.16,1,1,0,29023.03,0
670,France,Female,41,10,0.0,3,1,0,81602.02,0
627,France,Female,35,7,0.0,2,0,1,193022.44,0
789,France,Male,27,6,0.0,2,1,0,103603.65,0
671,Germany,Female,47,7,114603.76,2,1,0,153194.32,1
528,France,Female,32,4,85615.66,2,1,0,156192.43,0
699,Germany,Male,32,1,123906.22,3,1,1,127443.82,1
661,France,Female,31,3,136067.82,2,1,0,65567.91,0
497,Spain,Male,44,2,121250.04,1,0,1,79691.4,0
630,Germany,Female,28,8,106425.75,1,1,1,20344.84,0
749,Spain,Male,42,9,222267.63,1,0,0,101108.85,1
672,France,Female,34,8,0.0,2,1,1,16245.25,0
539,Spain,Male,38,6,0.0,1,1,1,152880.07,1
492,France,Female,48,6,127253.98,1,1,1,92144.09,1
832,France,Male,61,2,0.0,1,0,1,127804.66,1
686,Spain,Male,45,3,74274.87,3,1,0,64907.48,1
670,France,Female,31,2,57530.06,1,1,1,181893.31,1
637,Germany,Female,27,7,135842.89,1,1,1,101418.05,0
526,Spain,Male,49,2,0.0,1,1,0,114539.67,1
850,France,Male,56,7,131317.48,1,1,1,119175.45,0
439,Spain,Male,52,3,96196.24,4,1,0,198874.52,1
665,Germany,Female,37,3,111911.63,1,1,1,110359.68,1
538,Germany,Female,42,4,80380.24,1,1,0,119216.46,0
637,Germany,Male,30,1,122185.53,1,1,0,102566.46,1
569,France,Female,44,4,0.0,2,0,0,134394.78,0
793,France,Male,32,2,0.0,2,1,0,193817.63,1
729,France,Female,32,9,0.0,2,0,0,150803.44,0
705,France,Female,39,5,149379.66,2,1,0,96075.55,0
850,France,Male,36,7,0.0,1,1,1,40812.9,0
674,France,Male,28,5,0.0,1,1,1,151925.25,0
565,Germany,Female,47,10,139756.12,1,1,0,165849.49,1
667,Germany,Male,33,9,124573.33,2,0,0,683.37,0
628,France,Male,37,0,0.0,2,1,1,171707.93,0
594,Germany,Female,23,4,104753.84,2,1,0,56756.52,1
850,Germany,Male,42,6,84445.68,3,0,1,60021.34,1
554,France,Male,40,4,0.0,1,0,1,168780.04,0
603,France,Female,48,5,0.0,1,1,0,100478.6,1
813,Germany,Female,36,6,98088.09,1,0,1,26687.22,1
540,Germany,Female,35,7,128369.75,2,1,0,198256.15,0
549,Germany,Male,41,9,95020.8,3,1,1,131710.59,1
647,Germany,Female,22,3,97975.82,2,0,1,62083.0,0
542,Germany,Male,33,8,142871.27,2,0,0,77737.86,0
716,Germany,Male,66,5,121411.9,1,0,0,10070.4,1
465,Germany,Male,53,1,117438.17,1,0,0,74898.8,1
655,Germany,Male,32,9,113447.01,1,1,0,82084.3,0
507,France,Female,33,1,113452.66,1,0,0,142911.99,0
640,Germany,Male,39,9,131607.28,4,0,1,6981.43,1
770,France,Female,70,9,110738.89,1,1,0,22666.77,1
700,Spain,Male,54,1,79415.67,1,0,1,139735.54,0
439,France,Female,43,8,0.0,1,0,1,104889.3,0
621,France,Male,27,4,137003.68,1,1,0,21254.06,0
837,France,Female,29,9,0.0,2,1,1,41866.26,0
765,Germany,Female,46,8,119492.88,2,0,1,166896.01,1
699,Germany,Female,54,3,111009.32,1,1,1,155905.79,1
594,France,Male,57,6,0.0,1,1,0,19376.56,1
678,France,Male,41,2,148088.11,1,1,0,14083.12,0
635,Germany,Male,53,8,117005.55,1,0,1,123646.57,1
568,Germany,Male,46,8,150836.92,1,0,0,64516.8,1
686,Germany,Female,47,5,170935.94,1,1,0,173179.79,1
677,Spain,Female,35,0,0.0,2,0,0,76637.38,0
713,France,Female,32,1,117094.02,1,0,0,149558.83,1
765,Spain,Male,45,2,91549.78,1,1,1,47139.44,0
505,France,Female,36,2,79951.9,1,0,1,174123.16,1
622,France,Female,30,2,158584.82,3,1,0,142342.55,1
532,France,Male,36,4,0.0,2,1,1,132798.78,0
648,Germany,Female,28,8,90371.09,1,1,1,146851.73,0
603,Spain,Female,56,5,90778.76,2,1,0,162223.67,1
693,Germany,Female,43,1,121927.92,1,1,0,87994.95,1
637,Germany,Female,46,2,143500.82,1,1,0,166996.46,1
726,Spain,Female,27,7,123826.07,1,0,1,78970.58,0
601,France,Male,32,8,93012.89,1,1,0,86957.42,0
607,Germany,Female,39,8,105103.33,1,1,0,104721.5,1
756,Germany,Female,26,5,155143.52,1,0,1,135034.57,1
512,France,Male,51,6,144953.31,1,1,1,165035.17,0
802,Spain,Male,40,4,0.0,2,1,1,81908.09,0
704,France,Male,32,7,127785.17,4,0,0,184464.7,1
677,France,Male,46,2,57037.74,1,1,1,158531.01,0
595,Spain,Male,35,8,0.0,1,1,0,100015.79,1
429,France,Male,24,4,95741.75,1,1,0,46170.75,0
638,Germany,Female,39,0,122501.28,2,1,1,95007.8,0
642,France,Male,48,9,118317.27,4,0,0,78702.98,1
747,France,Female,45,1,114959.12,1,1,0,189362.39,1
783,Germany,Female,58,3,127539.3,1,1,1,96590.39,1
727,Germany,Male,40,1,93051.64,2,1,0,71865.31,1
637,Germany,Female,39,9,137843.8,1,1,1,117622.8,1
551,France,Male,42,2,139561.46,1,1,0,43435.43,1
511,Spain,Female,57,8,122950.31,1,1,1,181258.76,0
662,Spain,Female,30,9,0.0,2,0,1,157884.83,0
618,France,Male,37,5,0.0,1,0,1,178705.45,1
680,Germany,Female,51,5,143139.87,1,0,0,47795.43,1
658,Germany,Female,55,8,119327.93,1,0,1,119439.66,0
605,France,Male,41,10,0.0,2,0,1,97213.09,0
691,France,Male,52,3,0.0,1,1,0,175843.68,1
705,Germany,Female,40,3,92889.91,1,1,1,109496.69,0
768,Germany,Male,48,3,122831.58,1,1,1,24533.89,1
791,France,Female,44,5,0.0,2,1,1,123977.86,1
690,Spain,Female,30,5,0.0,2,0,1,78700.03,0
523,France,Male,39,3,0.0,2,1,0,6726.53,0
713,France,Male,46,5,0.0,1,1,1,55701.62,0
692,France,Female,31,2,0.0,2,1,0,91829.17,1
583,France,Female,31,4,158978.79,1,1,0,12538.92,0
604,Germany,Male,36,10,113546.3,1,1,1,134875.37,0
627,Spain,Female,55,6,0.0,1,0,0,91943.94,1
708,Spain,Male,46,7,68799.72,1,1,1,39704.14,0
640,France,Female,66,9,116037.76,1,0,1,184636.05,0
592,Spain,Male,38,0,0.0,1,1,0,65986.48,1
590,France,Female,76,5,160979.68,1,0,1,13848.58,0
624,France,Male,42,3,145155.37,1,1,0,72169.95,1
666,Spain,Female,47,5,0.0,1,0,0,166650.9,1
516,France,Male,35,10,57369.61,1,1,1,101699.77,0
581,Germany,Female,43,5,93259.57,3,1,0,141035.65,1
628,Germany,Female,45,6,53667.44,1,1,0,115022.94,0
697,Germany,Female,38,6,132591.36,1,1,1,7387.8,1
728,Spain,Female,37,4,0.0,1,0,0,4539.38,0
570,France,Male,37,6,0.0,1,1,1,187758.5,0
671,France,Female,31,7,41299.03,1,0,1,102681.32,0
637,Spain,Female,40,6,0.0,2,1,1,181610.6,0
549,France,Female,25,5,0.0,2,0,0,190857.79,0
573,Spain,Female,72,8,98765.84,1,1,1,96015.53,0
716,Germany,Male,27,1,122552.34,2,1,0,67611.36,0
562,France,Male,38,5,0.0,1,1,0,115700.2,0
627,Germany,Male,30,3,128770.88,2,1,1,40199.01,0
803,France,Male,42,5,0.0,1,1,0,196466.83,1
766,Germany,Male,47,9,129289.98,1,1,0,169935.46,1
584,Germany,Female,31,6,152622.34,1,1,0,99298.8,0
453,Spain,Female,42,5,0.0,3,1,0,83008.49,1
577,France,Female,39,10,0.0,2,1,0,10553.31,0
616,Germany,Female,41,1,103560.57,1,1,0,236.45,1
465,France,Female,51,8,122522.32,1,0,0,181297.65,1
562,Germany,Male,35,3,142296.13,1,0,1,177112.7,0
632,Germany,Male,41,3,126550.7,1,0,0,177644.52,1
687,France,Male,39,7,0.0,2,1,0,26848.25,0
594,France,Female,56,7,0.0,1,1,0,26215.85,1
547,France,Female,49,2,0.0,1,0,0,65466.93,1
534,France,Male,41,9,0.0,2,1,0,13871.34,0
649,France,Female,45,5,92786.66,1,1,0,173365.9,1
751,France,Male,31,8,0.0,2,0,0,17550.49,0
644,France,Male,33,2,0.0,1,1,0,96420.58,0
739,Spain,Female,41,8,0.0,1,1,0,191694.77,1
764,France,Female,40,9,100480.53,1,1,0,124095.69,0
615,Spain,Male,41,4,0.0,1,0,1,149278.96,0
850,France,Male,31,6,67996.23,2,0,0,50129.87,1
660,France,Female,38,5,110570.78,2,1,0,195906.59,0
559,Spain,Male,38,3,145874.35,1,1,0,56311.39,1
584,Spain,Female,37,8,0.0,2,0,1,100835.19,0
582,France,Female,38,9,135979.01,4,1,1,76582.95,1
577,Spain,Male,51,2,108867.0,1,0,0,140800.66,1
634,Germany,Female,53,3,113781.5,2,1,1,106345.05,1
466,France,Male,40,4,91592.06,1,1,0,141210.18,1
555,Spain,Female,26,9,0.0,2,0,1,158918.03,0
850,France,Male,47,6,0.0,1,1,0,187391.02,1
704,France,Male,31,5,132084.66,3,1,1,54474.48,1
733,France,Female,38,3,157658.36,1,0,0,19658.43,0
789,Germany,Female,37,6,110689.07,1,1,1,71121.04,1
527,France,Male,39,4,0.0,2,1,0,167183.07,1
714,Germany,Male,42,2,177640.09,1,0,1,47166.55,0
687,France,Female,35,3,99587.43,1,1,1,1713.1,1
755,Germany,Male,38,4,111096.91,1,1,1,19762.88,0
775,Germany,Male,36,2,109949.05,2,0,1,71682.54,0
850,France,Male,31,8,0.0,2,1,0,178667.7,0
701,Spain,Male,59,7,0.0,2,0,1,27597.59,0
652,Germany,Male,45,2,151421.44,1,0,1,115333.43,0
435,Germany,Male,37,8,114346.3,1,0,1,980.93,1
654,Spain,Female,36,2,0.0,2,1,1,146652.11,0
681,France,Male,43,3,66338.68,1,1,1,18772.5,1
681,Germany,Female,44,4,91115.76,2,0,0,24208.84,1
652,Spain,Female,75,10,0.0,2,1,1,114675.75,0
562,France,Female,51,1,124662.54,1,1,1,65390.46,1
850,Spain,Female,41,3,99945.93,2,1,0,71179.31,0
665,Germany,Female,43,2,116322.27,4,1,0,35640.12,1
778,Germany,Female,29,6,150358.97,1,1,0,62454.01,1
727,Germany,Female,18,2,93816.7,2,1,0,126172.11,0
499,France,Female,38,9,0.0,2,0,1,183042.2,0
641,France,Female,52,4,0.0,1,1,0,90964.54,1
598,Germany,Male,20,8,180293.84,2,1,1,29552.7,0
509,France,Male,35,8,0.0,2,0,1,67431.28,0
791,Germany,Female,33,10,130229.71,2,0,0,54019.93,1
738,France,Male,31,9,82674.15,1,1,0,41970.72,0
757,Germany,Female,34,1,129398.01,2,0,0,44965.44,0
743,Germany,Male,59,5,108585.35,1,1,1,192127.22,1
493,France,Female,37,8,142987.46,2,1,0,158840.99,0
558,Spain,Male,45,4,0.0,1,1,0,131807.14,0
516,France,Male,33,7,115195.58,1,1,1,11205.5,0
690,France,Female,36,6,110480.48,1,0,0,81292.33,0
544,France,Female,64,3,124043.8,1,1,1,111402.97,1
652,Germany,Male,35,7,104015.54,2,1,1,55207.88,0
659,Germany,Male,67,6,117411.6,1,1,1,45071.09,1
591,France,Male,28,5,0.0,2,1,1,48606.92,0
678,France,Male,43,1,133237.21,1,1,0,111032.79,1
526,France,Male,52,8,93590.47,1,0,1,21228.71,1
376,Germany,Female,29,4,115046.74,4,1,0,119346.88,1
651,France,Male,56,2,0.0,1,1,0,114522.68,1
619,Germany,Male,38,10,84651.79,1,1,1,184754.26,0
578,Germany,Female,38,4,113150.44,2,1,0,176712.59,1
626,France,Male,43,4,137638.69,1,1,0,130442.08,1
556,Spain,Male,38,8,0.0,2,0,0,417.41,1
590,Spain,Female,51,10,84474.62,2,1,1,190937.09,0
747,France,Female,47,5,139914.6,4,0,1,129964.56,1
572,Germany,Male,47,4,99353.42,1,1,0,196549.85,1
617,France,Male,74,10,0.0,2,1,1,53949.98,0
584,France,Male,35,6,161613.94,2,1,1,148238.16,0
571,France,Male,41,8,0.0,1,1,1,63736.17,0
491,Germany,Female,57,4,112044.72,1,1,1,41229.73,1
725,France,Male,41,7,113980.21,1,1,1,116704.25,0
520,France,Male,33,4,156297.58,2,1,1,166102.61,0
710,Germany,Male,49,10,129164.88,1,1,1,193266.72,0
548,France,Female,29,4,0.0,2,0,1,48673.18,0
641,France,Female,40,7,0.0,1,1,0,126996.67,0
570,Germany,Female,57,5,86568.75,1,0,1,103660.31,0
778,France,Male,44,8,123863.64,1,1,0,144494.94,0
780,Germany,Female,37,10,95196.26,1,1,0,126310.39,1
